label,time_s,cavity_volume_ml,lv_pressure_mmhg,arterial_pressure_mmhg,venous_pressure_mmhg,aortic_flow_ml_per_s,mitral_flow_ml_per_s,lvot_gradient_mmhg,attached_fraction,parked_fraction,calcium_um
healthy,0.0,112.96507608833173,9.576501177236485,79.54327042161209,9.72075761299518,0.0,48.11015014035041,0.0,0.008274972841130088,0.6039528964823379,0.1
healthy,0.002307692307692308,113.06700148293612,9.721113032922757,79.45219573430313,9.724284384583237,0.0,34.92233676529596,0.0,0.008618299433502561,0.6038767912213832,0.15025868665490802
healthy,0.004615384615384616,113.11269597928307,10.332168731664142,79.3612466094731,9.73154565230751,0.0,6.33403305547468,0.0,0.010198536541565896,0.6036601618928694,0.19843058316928874
healthy,0.006923076923076923,113.11689405074328,11.63076765260635,79.27042775357017,9.74155858454583,0.0,0.09197298139347755,0.0,0.013591794422512465,0.6030794486368783,0.24458067372866968
healthy,0.009230769230769232,113.11693568212105,13.773993003342573,79.1797406968612,9.751833675547662,0.0,7.521382460842756e-05,0.0,0.019199935544277815,0.6018494869042504,0.28877214371367943
healthy,0.011538461538461539,113.11693571220547,16.810218113182422,79.0891853292233,9.762096615207662,0.0,3.131620229290308e-09,0.0,0.027166387379863103,0.5996666579406634,0.3310664263801415
healthy,0.013846153846153847,113.1169357122067,20.689684309024138,78.99876145970266,9.772344653753255,0.0,0.0,0.0,0.037379506511154785,0.5962558485113791,0.37152324837624606
healthy,0.016153846153846158,113.1169357122067,25.29356048689231,78.90846889734706,9.782577810820221,0.0,0.0,0.0,0.04954204575051729,0.5914063328834783,0.41020067412496586
healthy,0.018461538461538463,113.1169357122067,30.4698054054165,78.8183074514815,9.792796108018319,0.0,0.0,0.0,0.06326353916516522,0.5849911492478929,0.4471551490992157
healthy,0.02076923076923077,113.1169357122067,36.063617445551806,78.72827693170787,9.802999566925997,0.0,0.0,0.0,0.07814041517217046,0.5769700590317903,0.4824415420166005
healthy,0.023076923076923078,113.1169357122067,41.936828173567235,78.6383771479045,9.813188209090379,0.0,0.0,0.0,0.09380817223587774,0.5673804515870792,0.5161131859799593
healthy,0.025384615384615387,113.1169357122067,47.97663777234737,78.54860791022587,9.82336205602729,0.0,0.0,0.0,0.10996588432251944,0.5563217314412009,0.5482219185892926
healthy,0.027692307692307693,113.1169357122067,54.096799490221116,78.4589690291021,9.833521129221317,0.0,0.0,0.0,0.12638071248295255,0.5439378259122132,0.5788181210500501
healthy,0.030000000000000002,113.1169357122067,60.234605899766024,78.36946031523857,9.843665450125851,0.0,0.0,0.0,0.1428810331872289,0.530400824060401,0.607950756302162
healthy,0.032307692307692315,113.1169357122067,66.34619937097324,78.2800815796156,9.853795040163122,0.0,0.0,0.0,0.15934479672747906,0.5158972521708067,0.6356674061936188
healthy,0.03461538461538462,113.11693571212531,72.4017375729487,78.19083263353582,9.863909920724252,2.08159649185604e-07,0.0,8.559099170187404e-19,0.1756872073167242,0.5006174267049777,0.6620143077218373
healthy,0.036923076923076927,113.09613099985019,78.33118236451888,78.11395135134315,9.874010113524433,48.29051339755585,0.0,0.04606367771258313,0.19184980212380354,0.4847477125105262,0.6870363883654973
healthy,0.039230769230769236,112.56464930902001,82.88489161688541,78.33742340209315,9.884115393828107,351.39589918338135,0.0,2.4390928980325355,0.20776859686276433,0.46861935805623833,0.7107773005289932
healthy,0.04153846153846154,111.59764596902197,86.08468345423368,78.81661186187313,9.89427425771958,473.43463529175705,0.0,4.427463780619043,0.22334750598743072,0.452760084516991,0.733279455121119
healthy,0.04384615384615385,110.42088622886385,88.41849252384542,79.4184858802926,9.904512518309248,540.0002430567679,0.0,5.760005185212216,0.23850771817057032,0.4374675839054511,0.7545840542890865
healthy,0.046153846153846156,109.12806692415391,90.11373177002092,80.08780953710342,9.914843790851352,576.5673990038252,0.0,6.566517838894542,0.25318541332838995,0.4229040053178722,0.774731123328478
healthy,0.048461538461538466,107.77420729586883,91.333638402663,80.79215349570832,9.9252754507618,594.267539357984,0.0,6.975879670806776,0.2673292151225122,0.40915139757779406,0.7937595417892398
healthy,0.050769230769230775,106.3947970369967,92.20963480003682,81.5106105059574,9.935811006858382,599.5929770374587,0.0,7.101466431854666,0.28089985268534107,0.39623838411867973,0.811707073797345
healthy,0.053076923076923084,105.01304477765382,92.84941639220602,82.22951971821324,9.946451446758912,596.9228931232943,0.0,7.038359315253015,0.2938697674208146,0.38415775034736754,0.8286103976112855
healthy,0.055384615384615386,103.64357056278801,93.33905952087966,82.94028673323749,9.957196132713884,589.4102946061893,0.0,6.862311020005034,0.30622233661808473,0.3728793093717213,0.8445051344320941
healthy,0.057692307692307696,102.29475648765394,93.74409573684846,83.6379952220652,9.968043442322347,579.3481904048879,0.0,6.630011372353941,0.31795073472572893,0.36235951750759104,0.8594258764851535
healthy,0.060000000000000005,100.97050159386049,94.11119842455791,84.32037053604833,9.97899123299049,568.3518236332202,0.0,6.380716946710264,0.3290565506786971,0.35254850999918574,0.8734062143916108
healthy,0.062307692307692314,99.67163821588748,94.47083816174506,84.98694367717125,9.990037168861427,557.4825783105084,0.0,6.138999014710759,0.3395482983875056,0.34339499134363155,0.88647876384679
healthy,0.06461538461538463,98.39708013084825,94.84063602260906,85.63837401733905,10.001178935978356,547.3606753211284,0.0,5.918097953343244,0.3494399425921153,0.33484936380046193,0.8986751916225797
healthy,0.06692307692307692,97.14471127091484,95.22889550818623,86.27592541194603,10.012414368585127,538.277248961895,0.0,5.723306602468858,0.3587495322903118,0.32686547848217523,0.9100262409103679
healthy,0.06923076923076923,95.91202130480896,95.63781630350242,86.90109179954645,10.02374150906414,530.2999728902214,0.0,5.554924666614707,0.367497999617833,0.3194013870687964,0.9205617560206975
healthy,0.07153846153846154,94.69651406716602,96.06607265778298,87.51535681948855,10.035158622646895,523.3627395693034,0.0,5.410539400878745,0.37570815047502315,0.3124194366073356,0.9303107064554276
healthy,0.07384615384615385,93.49593361707716,96.5106552898006,88.12006094694847,10.046664184874029,517.3333787819005,0.0,5.286594070160935,0.3834038484865547,0.305885986958354,0.9393012103678131
healthy,0.07615384615384616,92.30836029125155,96.96804227025812,88.71634522182944,10.058256855442558,512.0588662108744,0.0,5.179343851163776,0.39060937746251906,0.2997709547774364,0.9475605574255375
healthy,0.07846153846153847,91.13222520903692,97.43484985093718,89.30514298640996,10.069935447604411,507.39158162060403,0.0,5.0853573748041105,0.39734895875357706,0.2940473155765747,0.9551152310913812
healthy,0.08076923076923079,89.96628103122664,97.90812993966232,89.88719734794216,10.08169889848478,503.2018871520883,0.0,5.001721268808356,0.40364639698103366,0.28869063706724113,0.9619909303358488
healthy,0.08307692307692308,88.80955454123584,98.38545561010885,90.46308930286015,10.093546242926793,499.38209971524816,0.0,4.926073708958223,0.4095248285229833,0.28367867621986836,0.9682125907957411
healthy,0.08538461538461539,87.66129611793203,98.86489632115749,91.03326765078198,10.105476591715908,495.8457863445714,0.0,4.85655395230946,0.4150065500774639,0.27899104765352156,0.973804405392315
healthy,0.0876923076923077,86.52093363865932,99.3449469661854,91.59807626483196,10.117489114075092,492.5249882690182,0.0,4.791720771741166,0.4201129083315018,0.27460895808459834,0.9787898444223545
healthy,0.09000000000000001,85.39372382628002,99.50497508638867,92.15442989140519,10.129583023888744,476.764297309185,0.0,4.489959411135228,0.4248642354649593,0.27052186569638476,0.9831916751351478
healthy,0.09230769230769231,84.3209679204389,99.51797750436361,92.67806194288688,10.141755118443562,455.8558128823678,0.0,4.104780684220135,0.4292783888816234,0.2667583039577895,0.98703198080806
healthy,0.09461538461538463,83.28381110578493,99.74433392833738,93.18010153622846,10.154001085508446,444.2628032638822,0.0,3.898655572619909,0.43337240151616846,0.26327303540066715,0.9903321793330806
healthy,0.09692307692307693,82.26813917714634,100.05155985948016,93.66887304494347,10.166318443096651,436.50373484657996,0.0,3.7636644056298945,0.43716402274514393,0.26003333119093436,0.9931130413264304
healthy,0.09923076923076923,81.26827096862453,100.38617914832393,94.14773314269195,10.178705512586612,430.2653135621669,0.0,3.656854124538268,0.4406704865527454,0.2570192541387073,0.9953947077730194
healthy,0.10153846153846155,80.28196787525705,100.72744237094147,94.61801065079653,10.191160934559255,424.6282493222162,0.0,3.5616622246409917,0.44390809168074746,0.2542161670800424,0.9971967072172627
healthy,0.10384615384615385,79.30833459333246,101.0674958280175,95.08024309418248,10.203683476437156,419.2385485243373,0.0,3.471821443334185,0.44689210083009606,0.2516117983398276,0.9985379725114893
healthy,0.10615384615384617,78.34698828491308,101.40340738680266,95.53466608075483,10.216271958520247,413.9615879758543,0.0,3.3849717791504386,0.449636752796892,0.24919512122735749,0.9994368571328986
healthy,0.10846153846153847,77.3977410060011,101.73408206306179,95.98140035598271,10.22892522592189,408.745662406646,0.0,3.30020773404934,0.45215531178861035,0.24695592566267632,0.9999111510797642
healthy,0.11076923076923077,76.4604807982873,102.05910182056296,96.42052184373114,10.241642137824648,403.56998112462617,0.0,3.2171600921467878,0.454460126735142,0.24488464660487622,0.9999780963573207
healthy,0.11307692307692307,75.53512747495951,102.37829845725895,96.85208769257301,10.254421563177761,398.4253141368334,0.0,3.1356588828648766,0.4565626911304641,0.24297228598006904,0.9996544020635202
healthy,0.11538461538461539,74.62161593353153,102.69159864661162,97.27614610855429,10.267262378795078,393.3068967866096,0.0,3.05561116167729,0.4584737002782853,0.24121036842308477,0.9989562590845964
healthy,0.11769230769230771,73.71988951337146,102.99896785795084,97.69274027116977,10.280163468375996,388.2118333166182,0.0,2.9769565931269084,0.4602031050385405,0.23959090948686695,0.9978993544101376
healthy,0.12000000000000001,72.82989704852643,103.30038961827324,98.10191007224726,10.293123721910213,383.13812422722447,0.0,2.899650809607034,0.4617601619380412,0.23810638881900759,0.9964988850771302
healthy,0.12230769230769233,71.95159133940169,103.59585731935543,98.50369301859696,10.306142035265564,378.0842757904038,0.0,2.823658658764526,0.46315347976732946,0.23674972569948816,0.9947695717522127
healthy,0.12461538461538463,71.08492822627942,103.88537053471192,98.8981247797305,10.319217309878582,373.049121075171,0.0,2.748951046616446,0.46439106286895226,0.23551425603301618,0.9927256719611465
healthy,0.12692307692307694,70.22986596271858,104.16893304244334,99.28523955859487,10.332348452511344,368.0317219587381,0.0,2.6755031776378058,0.4654803513443085,0.23439371047132837,0.9903809929743044
healthy,0.12923076923076926,69.38636476784701,104.44655157003973,99.66507035666683,10.345534375054626,363.03130591395797,0.0,2.603293413799382,0.4664282584060762,0.2333821935387086,0.9877489043567511
healthy,0.13153846153846155,68.55438650130446,104.71823490259659,100.03764916660381,10.358773994364604,358.0472205928863,0.0,2.532302462702044,0.4672412050946693,0.23247416370126942,0.984842350191292
healthy,0.13384615384615384,67.73389442924136,104.98399321090679,100.40300711111787,10.372066232123887,353.07889935473924,0.0,2.4625127737195864,0.4679251525652412,0.23166441434350524,0.9816738609826592
healthy,0.13615384615384615,66.92485306045018,105.2438375318649,100.76117454044218,10.385410014719874,348.12583448736495,0.0,2.3939080817288736,0.46848563213853023,0.23094805562330267,0.9782555652508067
healthy,0.13846153846153847,66.12722803727641,105.49777936263843,101.11218109746878,10.398804273135113,343.187556251158,0.0,2.326473062037368,0.4689277732953133,0.23032049717882028,0.9745992008210893
healthy,0.14076923076923079,65.34098606944987,105.74583034290139,101.45605575757122,10.412247942845273,338.26361648522,0.0,2.260193071361185,0.4692563297809274,0.2297774316608464,0.9707161258189212
healthy,0.14307692307692307,64.56609490146114,105.98800200632627,101.79282684865615,10.42573996372156,333.3535758440409,0.0,2.1950539561088145,0.46947570397353783,0.22931481906367893,0.9666173293763095
healthy,0.1453846153846154,63.802523305996935,106.2243055869417,102.12252205587026,10.439279279934908,328.4569939437505,0.0,2.1310419134926413,0.4695899696577415,0.22892887182676547,0.9623134420574947
healthy,0.1476923076923077,63.05024109742829,106.4547518691042,102.44516841451328,10.452864839859945,323.5734218481787,0.0,2.0681433941044824,0.4696028933337831,0.22861604067853855,0.9578147460107431
healthy,0.15000000000000002,62.30921916052297,106.679351072211,102.76079229401073,10.466495595977253,318.70239644058114,0.0,2.006345036977172,0.4695179541821555,0.22837300119319312,0.9531311848531694
healthy,0.1523076923076923,61.5794294904955,106.89811276311328,103.06941937524287,10.480170504772776,313.8434363169718,0.0,1.9456336300097807,0.46933836279365226,0.22819664103064607,0.9482723732952956
healthy,0.15461538461538463,60.86084524126551,107.11104579063243,103.37107462307794,10.493888526633466,308.9960389088433,0.0,1.8859960901008472,0.4690670787660015,0.22808404782961011,0.9432476065118993
healthy,0.15692307692307694,60.153440779404846,107.31815823771406,103.66578225559704,10.50764862573868,304.15967860019407,0.0,1.8274194584923131,0.46870682725999857,0.22803249772361345,0.9380658692655298
healthy,0.15923076923076926,59.457215436571886,107.5188777474198,103.95355177525401,10.521449769699752,299.3020691359991,0.0,1.7695156264511682,0.4682601146822141,0.22803945801369674,0.9327358447889271
healthy,0.16153846153846158,58.77227847783349,107.71284228527654,104.23432804614339,10.53529092291485,294.4051125768224,0.0,1.7120863271382016,0.4677292457564125,0.22810261830581302,0.9272659234324224
healthy,0.16384615384615384,58.09866976393305,107.90059935710414,104.50809681810591,10.549171043019127,289.49971949966795,0.0,1.6555079030199789,0.46711633964328547,0.22821977214521125,0.9216642110822469
healthy,0.16615384615384615,57.436393502736856,108.08231196266,104.7748648107185,10.563089087936113,284.5946726324441,0.0,1.5998840037682573,0.4664233413853517,0.22838883731419146,0.9159385373555369
healthy,0.16846153846153847,56.78544553320848,108.25802813628516,105.03464365115734,10.577044017321604,279.69212414392484,0.0,1.5452382085558651,0.46565203377156317,0.22860786508008746,0.9100964635776777
healthy,0.17076923076923078,56.145820100355095,108.42776430753973,105.28744588652287,10.59103479283707,274.79239693728545,0.0,1.4915725711513805,0.46480404888822285,0.22887503615299498,0.9041452905474916
healthy,0.17307692307692307,55.51751171553537,108.59152787851173,105.53328388944503,10.60506037816054,269.8952993326583,0.0,1.43888340941956,0.4638808791989484,0.22918865385056075,0.8980920660956409
healthy,0.1753846153846154,54.900515690902054,108.74932337412253,105.77216954424807,10.619119738925082,265.0004877846656,0.0,1.387165600515767,0.46288388814789133,0.22954713681964037,0.891943592441484
healthy,0.1776923076923077,54.294828312649955,108.90115413787119,106.00411414577451,10.633211842635559,260.10756883774565,0.0,1.3364137751443477,0.46181432030902836,0.229949011916403,0.8857064333534996
healthy,0.18000000000000002,53.700446913138656,109.04702281361162,106.22912835776482,10.647335658577411,255.21612938030103,0.0,1.2866226705355566,0.4606733111110838,0.23039290738634183,0.8793869211182559
healthy,0.18230769230769234,53.117369912300234,109.18693149406278,106.44722218934042,10.661490157721405,250.32574714437195,0.0,1.2377872530051959,0.45946189616774136,0.23087754636497468,0.8729911633227984
healthy,0.18461538461538463,52.545596847506445,109.32088177655447,106.6584049782988,10.675674312625707,245.43599581710552,0.0,1.1899027761527752,0.45818102024093843,0.231401740688981,0.8665250494551908
healthy,0.18692307692307694,51.98512839717078,109.44887479193119,106.86268537811216,10.689887097335903,240.54644878032641,0.0,1.1429648201644682,0.4568315458626302,0.23196438500022673,0.859994257327842
healthy,0.18923076923076926,51.435966399579755,109.57091122462069,107.06007134774626,10.704127487283442,235.65668263057566,0.0,1.0969693248088466,0.45541426163789145,0.23256445112413757,0.8534042593281298
healthy,0.19153846153846157,50.89811386742469,109.68699132862575,107.2505701440189,10.71839445918288,230.76628083944567,0.0,1.0519126197031095,0.4539298902497132,0.23320098270456305,0.8467603285007244
healthy,0.19384615384615386,50.37157499823774,109.79711494051544,107.43418831637466,10.732686990928356,225.87483770036735,0.0,1.0077914529613294,0.4523790961833953,0.23387309007838578,0.8400675444659054
healthy,0.19615384615384615,49.85635518087714,109.90128148948077,107.61093170398736,10.747004061489625,220.98196265904915,0.0,0.9646030186794152,0.45076249318604583,0.2345799453743445,0.8333307991780611
healthy,0.19846153846153847,49.352460998205395,109.99949000427212,107.78080543510232,10.761344650808043,216.08728512499144,0.0,0.9223449835592957,0.4490806514743821,0.23532077782176347,0.826554802528455
healthy,0.20076923076923078,48.85990022611865,110.09173911681943,107.94381392852223,10.775707739692903,211.19045987850248,0.0,0.8810155129618443,0.44733410470178814,0.23609486925609227,0.8197440877962425
healthy,0.2030769230769231,48.378681829105,110.1780270624137,108.09996089712882,10.7900923097184,206.29117321327263,0.0,0.840613296705352,0.4455233566934309,0.23690154980935393,0.8129030169516267
healthy,0.2053846153846154,47.90881595253086,110.25835167644712,108.24924935332008,10.804497343121666,201.3891499856609,0.0,0.80113757495204,0.44364888795616897,0.23774019377477212,0.8060357858149393
healthy,0.2076923076923077,47.4503139118765,110.33271038786917,108.39168161622993,10.818921822702176,196.4841617786831,0.0,0.7625881645406759,0.44171116196801685,0.23861021563600257,0.7991464290753463
healthy,0.21000000000000002,47.00318817916406,110.40110020969657,108.52725932058415,10.83336473172286,191.5760364297203,0.0,0.724965486106104,0.4397106312500569,0.23951106625252783,0.792238825172783
healthy,0.21230769230769234,46.5674523668412,110.46351772709272,108.65598342703476,10.847825053813313,186.6646692141114,0.0,0.6882705922531088,0.4376477432219269,0.2404422291938876,0.7853167010466323
healthy,0.21461538461538465,46.143121209396746,110.51995908364715,108.77785423380729,10.862301772875393,181.75003601628086,0.0,0.65250519687742,0.4355229458403642,0.24140321721650987,0.7783836367545769
healthy,0.21692307692307694,45.73021054298204,110.57041996643449,108.89287138949703,10.876793872991534,176.83220884559117,0.0,0.6176717053868794,0.43333669301876093,0.24239356887797495,0.771443069964968
healthy,0.21923076923076926,45.3287372832769,110.61489559000492,109.00103390687059,10.891300338336208,171.91137404441682,0.0,0.5837732449548522,0.4310894498242906,0.2434128452845868,0.7644983003259733
healthy,0.22153846153846155,44.93871940174184,110.65338067830234,109.10234017758647,10.905820153090746,166.98785345443514,0.0,0.5508136928655785,0.4287816974479105,0.24446062696913137,0.7575524937146826
healthy,0.22384615384615386,44.56017590018718,110.68586944099883,109.19678798787247,10.920352301361977,162.06212858827388,0.0,0.5187976992111055,0.426413937941434,0.2455365108966643,0.7506086863692721
healthy,0.22615384615384615,44.19312678317572,110.71235553582606,109.28437453544092,10.934895767104981,157.1348673857441,0.0,0.48773069725106927,0.42398669871491257,0.24664010759706897,0.7436697889072539
healthy,0.22846153846153847,43.83759302701186,110.73283199944987,109.36509644837236,10.949449534050343,152.20695223097235,0.0,0.4576188900235358,0.4215005367867759,0.24777103842393375,0.7367385902327553
healthy,0.23076923076923078,43.49359654271556,110.74729111348535,109.43894980749465,10.964012585636233,147.27950626618323,0.0,0.42846919439033493,0.4189560427785595,0.24892893293996537,0.7298177613357104
healthy,0.2330769230769231,43.16116012805547,110.75572414504204,109.5059301751519,10.978583904945753,142.35391218482616,0.0,0.4002891123817323,0.41635384464561237,0.2501134264296136,0.7229098589857587
healthy,0.23538461538461541,42.840307399848186,110.7581208562526,109.5660326355326,10.99316247464976,137.43181291103417,0.0,0.37308648296322966,0.4136946111349349,0.25132415753972187,0.7160173293235946
healthy,0.2376923076923077,42.53106269150994,110.75446860564337,109.61925185538584,11.007747276955609,132.5150758911994,0.0,0.34686904372247573,0.41097905496126336,0.25256076604869576,0.7091425113524261
healthy,0.24000000000000002,42.233450891264134,110.74475075520816,109.66558217959249,11.022337293561911,127.60569095605143,0.0,0.3216437010246184,0.4082079356926978,0.2538228907637233,0.7022876403321476
healthy,0.24230769230769234,41.94757768981418,110.72990345179119,109.70497042699631,11.036931505619473,122.58955682453708,0.0,0.2990861717054873,0.405382062337572,0.25511016754385035,0.6954548510787593
healthy,0.24461538461538465,41.674138299007886,110.71754231160166,109.73701689186393,11.051528865654895,117.58926646945703,0.0,0.28619780379693277,0.4025023455032978,0.25642195175867777,0.6886461811715016
healthy,0.24692307692307694,41.412275638523184,110.69657616348776,109.76223519831179,11.06612830162312,112.52920700553547,0.0,0.27219907623169565,0.3995697996157302,0.2577573945341017,0.6818635740701222
healthy,0.24923076923076926,41.16201720177337,110.66716017271546,109.78061812116559,11.080728799483008,107.42191300612168,0.0,0.2572388572486726,0.39658540436820283,0.2591162899832892,0.675108882144616
healthy,0.25153846153846154,40.92339179350404,110.62944531340614,109.7921576642839,11.095329345147555,102.27934250843886,0.0,0.24147758959136398,0.3935501836188583,0.26049840172334554,0.6683838696197342
healthy,0.2538461538461539,40.69642803563328,110.58356064029871,109.79684594091984,11.109928924320199,97.11159700827429,0.0,0.2250790864669942,0.3904652096278732,0.2619034632446523,0.6616902154364939
healthy,0.2561538461538462,40.481153428843655,110.52960290476916,109.79467572676373,11.124526522377202,91.92637001840762,0.0,0.20820620015103156,0.3873316063472165,0.26333117849464166,0.6550295160328652
healthy,0.2584615384615385,40.27759384957896,110.46763195287544,109.78564075643925,11.139121124298288,86.72897972202907,0.0,0.19101966161010409,0.3841505518467037,0.2647812227218321,0.6484032880457588
healthy,0.2607692307692308,40.08577330278046,110.39766967658194,109.76973586911788,11.153711714647944,81.52279826870384,0.0,0.17367898265068743,0.380923279945865,0.26625324361065456,0.6418129709363823
healthy,0.2630769230769231,39.9057137455806,110.31970031587937,109.74695711190316,11.16829727761227,76.30990600333679,0.0,0.15634429766005836,0.37765108110556234,0.2677468627494964,0.6352599295409849
healthy,0.26538461538461544,39.737434814757165,110.23367022838087,109.71730189925299,11.182876797100848,71.09183877135114,0.0,0.13917820456675253,0.3743353026169538,0.269261677502492,0.628745456548953
healthy,0.2676923076923077,39.580953302845636,110.13948551311212,109.6807693195431,11.19744925692874,65.87033345702285,0.0,0.12234688895405732,0.3709773481085166,0.2707972633932005,0.6222707749101786
healthy,0.27,39.436282216987586,110.03700590352354,109.63736068617509,11.212013641100985,60.64800011613059,0.0,0.10602001950289126,0.36757867637361347,0.2723531771556358,0.6158370401735631
healthy,0.2723076923076923,39.30342921617856,109.9260331038132,109.58708045314066,11.226568934232157,55.42886685711652,0.0,0.09036911766725313,0.3641407994991956,0.2739289606740913,0.6094453427584865
healthy,0.2746153846153846,39.18239416103216,109.80629132264762,109.52993765102384,11.241114122148486,50.21878140935223,0.0,0.07556439879596907,0.36066528024623756,0.2755241461377561,0.6030967101610073
healthy,0.27692307692307694,39.07316542563446,109.67739721314481,109.46594804893772,11.255648192744763,45.025740258352315,0.0,0.06177046252122906,0.35715372858703043,0.2771382629128296,0.5967921090965336
healthy,0.2792307692307692,38.97571448162188,109.53881548029405,109.39513732956358,11.270170137208002,39.860359589652994,0.0,0.049141523849569775,0.3536077972321608,0.2787708469334713,0.5905324475806468
healthy,0.28153846153846157,38.88998797155557,109.38979412473635,109.3175457362727,11.28467895178539,34.73686793943617,0.0,0.037816834104255424,0.350029175863374,0.28042145390608264,0.5843185769497232
healthy,0.28384615384615386,38.815895859648194,109.22926796845782,109.23323502037815,11.299173640380596,29.675139907876535,0.0,0.027916346004843638,0.3464195835982728,0.2820896784291106,0.5781512938229576
healthy,0.28615384615384615,38.75329303595124,109.0557086814218,109.14229922789886,11.313653218441381,24.70442507745293,0.0,0.01953568010801038,0.3427807588955679,0.28377518248042166,0.5720313420073504
healthy,0.2884615384615385,38.70194967484449,108.86688203534612,109.04488208326835,11.32811671890662,19.86969192415286,0.0,0.012738430147830684,0.3391144455695052,0.28547773903916845,0.5659594143471799
healthy,0.2907692307692308,38.661502495118135,108.65944779507136,108.94120557787421,11.342563201499711,15.241955426498121,0.0,0.007542923672462525,0.3354223726711424,0.28719730053183284,0.5599361545194469
healthy,0.2930769230769231,38.631375505188544,108.42831295238452,108.8316164604354,11.356991767471419,10.933815997015731,0.0,0.003899717944461249,0.3317062245733668,0.2889341078163386,0.5539621587767318
healthy,0.2953846153846154,38.610660126635764,108.16567761504322,108.71665654710773,11.371401582885406,7.117084435076168,0.0,0.0016576452047573622,0.32796759590419583,0.29068886191801624,0.548037977638882
healthy,0.2976923076923077,38.597970457728096,107.85997834390456,108.59714755185654,11.385791913607722,4.021565821365225,0.0,0.0005303154163968006,0.3242079259693401,0.2924629770757924,0.5421641175348942
healthy,0.30000000000000004,38.591376522755944,107.49574635410657,108.4742299514758,11.400162170649015,1.8615593475067338,0.0,0.00011374776187437772,0.32042841546281564,0.29425888698435493,0.5363410423963383
healthy,0.30230769230769233,38.588631755259826,107.05631486749293,108.34922881800594,11.414511950275338,0.6649759957247227,0.0,1.4520660220693893e-05,0.31662995374427205,0.2960802466076589,0.5305691752036219
healthy,0.3046153846153846,38.5877610938893,106.52956442025614,108.22330784863271,11.42884103756234,0.17613304952443,0.0,1.0188609769480162e-06,0.3128131138527264,0.2979317542029313,0.5248488994863695
healthy,0.30692307692307697,38.58755594441245,105.91200151405623,108.09717863739147,11.443149358134805,0.0343061152206079,0.0,3.865361860668963e-08,0.30897824617205805,0.2998185201708849,0.519180560779154
healthy,0.30923076923076925,38.587519986973824,105.20721435941341,107.97113315671116,11.457436909774483,0.004986022371972867,0.0,8.165033053498e-10,0.3051256182350028,0.3017453557685593,0.5135644680337883
healthy,0.3115384615384616,38.58751521704389,104.42180197154637,107.84525238355762,11.471703715393875,0.000553368213544309,0.0,1.0057226739564254e-11,0.3012555245453147,0.30371637533049933,0.5080008949893526
healthy,0.3138461538461539,38.58751472746482,103.56279400593431,107.71955189036653,11.48594980392747,4.8022670695138596e-05,0.0,7.574299511845833e-14,0.29736834705373233,0.30573491805231706,0.5024900815011043
healthy,0.3161538461538462,38.58751468772648,102.63681590141384,107.59403366623599,11.50017520531149,3.331672054252959e-06,0.0,3.6456447910634118e-16,0.2934645849341209,0.3078036111755855,0.4970322348293862
healthy,0.3184615384615385,38.58751468512317,101.64995969683525,107.46869768899649,11.51437994957219,1.8857494121466978e-07,0.0,1.1679327094000515e-18,0.2895448698295497,0.30992446168283255,0.49162753088962274
healthy,0.3207692307692308,38.5875146849829,100.6078152322819,107.34354371437499,11.528564066705307,8.871649220813064e-09,0.0,2.5849883079081882e-21,0.28560997324491605,0.3120989420324312,0.48627611546446337
healthy,0.32307692307692315,38.587514684976576,99.51552068464619,107.21857147944868,11.542727586664046,3.5291540708061325e-10,0.0,4.0906384551566e-24,0.28166080859381887,0.3143280645722417,0.4809781053791047
healthy,0.3253846153846154,38.587514684976334,98.3778096570298,107.09378072038312,11.556870539358158,1.2055665307164591e-11,0.0,4.773448314330239e-27,0.2776984292542879,0.316612445360895,0.4757335896408018
healthy,0.32769230769230767,38.58751468497633,97.19905282834654,106.9691711736553,11.570992954653978,0.0,0.0,0.0,0.2737240236225263,0.3189523588176516,0.47054263054354395
healthy,0.33,38.58751468497633,95.98329462860016,106.84474257612158,11.585094862374467,0.0,0.0,0.0,0.26973890794708794,0.32134778451185847,0.46540526473885435
healthy,0.3323076923076923,38.58751468497633,94.73428554821261,106.7204946650203,11.59917629229928,0.0,0.0,0.0,0.2657445175676231,0.32379844722828854,0.4603215042736418
healthy,0.33461538461538465,38.58751468497633,93.45551062622683,106.59642717797138,11.613237274164822,0.0,0.0,0.0,0.26174239705444546,0.32630385128608347,0.4552913375960119
healthy,0.33692307692307694,38.58751468497633,92.1502145927801,106.47253985297573,11.62727783766433,0.0,0.0,0.0,0.25773418964150346,0.3288633099511323,0.45031473052992044
healthy,0.3392307692307692,38.58751468497633,90.82142407977172,106.34883242841474,11.641298012447908,0.0,0.0,0.0,0.2537216262614814,0.3314759706625084,0.44539162721952885
healthy,0.34153846153846157,38.58751468497633,89.47196726011482,106.22530464304967,11.655297828122617,0.0,0.0,0.0,0.24970651442412875,0.3341408366907804,0.44052195104410063
healthy,0.34384615384615386,38.58751468497633,88.10449122949966,106.10195623602115,11.669277314252515,0.0,0.0,0.0,0.24569072712453374,0.3368567857575105,0.4357056055042544
healthy,0.34615384615384615,38.58751468497633,86.7214774043649,105.97878694684863,11.683236500358733,0.0,0.0,0.0,0.241676191924475,0.33962258606917456,0.43094247508036765
healthy,0.3484615384615385,38.58751468497633,85.32525517497962,105.85579651542979,11.697175415919535,0.0,0.0,0.0,0.23766488031516914,0.3424369101533992,0.426232426063907
healthy,0.3507692307692308,38.58751468497633,83.91801402246428,105.73298468204,11.711094090370379,0.0,0.0,0.0,0.23365879744202567,0.3452983468293412,0.4215753073624393
healthy,0.3530769230769231,38.58751468497633,82.50181428258585,105.61035118733182,11.724992553103972,0.0,0.0,0.0,0.22965997225005383,0.3482054115959359,0.4169709512790548
healthy,0.3553846153846154,38.58751468497633,81.07859671667805,105.48789577233438,11.738870833470347,0.0,0.0,0.0,0.22567044809122355,0.3511565556804941,0.41241917426692354
healthy,0.3576923076923077,38.58751468497633,79.65019103057367,105.36561817845289,11.752728960776917,0.0,0.0,0.0,0.2216922738214528,0.3541501739547516,0.40791977765967546
healthy,0.36000000000000004,38.58751468497633,78.21832346555398,105.24351814746808,11.766566964288529,0.0,0.0,0.0,0.217727495404233,0.3571846118951377,0.40347254837828717
healthy,0.36230769230769233,38.58751468497633,76.78462357065547,105.12159542153562,11.780384873227542,0.0,0.0,0.0,0.21377814802961037,0.3602581717379997,0.3990772596151352
healthy,0.3646153846153847,38.58751468497633,75.35063025290353,104.99984974318562,11.794182716773873,0.0,0.0,0.0,0.20984624875082447,0.36336911795818294,0.39473367149585614
healthy,0.36692307692307696,38.58751468497633,73.91779719089419,104.87828085532209,11.807960524065075,0.0,0.0,0.0,0.20593378963597428,0.36651568218018826,0.3904415317196458
healthy,0.36923076923076925,38.58751468497633,72.48749768738726,104.75688850122233,11.82171832419638,0.0,0.0,0.0,0.20204273142831577,0.36969606761465085,0.38620057617860115
healthy,0.3715384615384616,38.58751468497633,71.06102902800814,104.63567242453648,11.835456146220777,0.0,0.0,0.0,0.1981749977059439,0.37290845309872805,0.38201052955670467
healthy,0.3738461538461539,38.58751468497633,69.63961640561334,104.5146323692869,11.849174019149064,0.0,0.0,0.0,0.19433246952946887,0.3761509968068065,0.3778711059090263
healthy,0.3761538461538462,38.58751468497633,68.22441646321533,104.39376807986768,11.862871971949907,0.0,0.0,0.0,0.1905169805647045,0.37942183968746473,0.37378200922170657
healthy,0.3784615384615385,38.58751468497633,66.81652050246394,104.27307930104409,11.876550033549915,0.0,0.0,0.0,0.18673031266621604,0.3827191086736136,0.36974293395327096
healthy,0.3807692307692308,38.58751468497633,65.41695739944207,104.15256577795202,11.890208232833682,0.0,0.0,0.0,0.1829741919067276,0.3860409197049765,0.365753565557806
healthy,0.38307692307692315,38.58751468497633,64.02669626486922,104.03222725609744,11.903846598643868,0.0,0.0,0.0,0.17925028503678778,0.38938538059539113,0.3618135809905214
healthy,0.3853846153846154,38.58751468497633,62.6466488816397,103.91206348135591,11.917465159781242,0.0,0.0,0.0,0.1755601963586761,0.39275059377166355,0.3579226491962
healthy,0.3876923076923077,38.58751468497633,61.277671948896014,103.792074199972,11.931063945004752,0.0,0.0,0.0,0.17190546499825718,0.39613465890575783,0.35408043158102975
healthy,0.39,38.58751468497633,59.92056915849558,103.67225915855877,11.944642983031583,0.0,0.0,0.0,0.16828756255832011,0.39953567545784885,0.3502865824682988
healthy,0.3923076923076923,38.58751468497633,58.57609312672785,103.55261810409722,11.958202302537225,0.0,0.0,0.0,0.1647078911368504,0.4029517451441137,0.34654074953841685
healthy,0.39461538461538465,38.58751468497633,57.2449472014402,103.43315078393577,11.971741932155526,0.0,0.0,0.0,0.16116778169365453,0.40638097434000403,0.34284257425372017
healthy,0.39692307692307693,38.58751468497633,55.92778716230093,103.31385694578972,11.985261900478744,0.0,0.0,0.0,0.15766849274877737,0.40982147642706274,0.33919169226850177
healthy,0.3992307692307692,38.58751468497633,54.625222829739954,103.19473633774074,11.998762236057628,0.0,0.0,0.0,0.15421120939621158,0.4132713740890659,0.3355877338246952
healthy,0.40153846153846157,38.58751468497633,53.33781959613605,103.07578870823627,12.012242967401468,0.0,0.0,0.0,0.15079704261649138,0.4167288015613305,0.33203032413363376
healthy,0.40384615384615385,38.58751468497633,52.06609989104367,102.95701380608911,12.025704122978146,0.0,0.0,0.0,0.14742702887188314,0.4201919068353935,0.32851908374429134
healthy,0.4061538461538462,38.58751468497633,50.81054459065395,102.83841138047674,12.039145731214214,0.0,0.0,0.0,0.14410212996803334,0.4236588538198939,0.32505362889840056
healthy,0.4084615384615385,38.58751468497633,49.57159438024622,102.71998118094093,12.05256782049494,0.0,0.0,0.0,0.1408232331661069,0.42712782445735226,0.3216335718728371
healthy,0.4107692307692308,38.58751468497633,48.3496510770956,102.60172295738711,12.065970419164374,0.0,0.0,0.0,0.13759115152964654,0.4305970207956042,0.31825852130964294
healthy,0.4130769230769231,38.58751468497633,47.14507892014386,102.48363646008389,12.079353555525405,0.0,0.0,0.0,0.13440662449060564,0.4340646670118922,0.3149280825340562
healthy,0.4153846153846154,38.58751468497633,45.95820583170591,102.36572143966251,12.092717257839828,0.0,0.0,0.0,0.13127031861925337,0.4375290113870228,0.31164185786090326
healthy,0.41769230769230775,38.58751468497633,44.78932465556024,102.24797764711634,12.106061554328393,0.0,0.0,0.0,0.12818282858292257,0.4409883282265402,0.3083994468896971
healthy,0.42000000000000004,38.58751468497633,43.638694374950724,102.13040483380036,12.119386473170872,0.0,0.0,0.0,0.12514467827886572,0.4444409197255372,0.3052004467887821
healthy,0.42230769230769233,38.58751468497633,42.506541313300204,102.01300275143056,12.132692042506115,0.0,0.0,0.0,0.1221563221268052,0.44788511777349893,0.30204445256884993
healthy,0.4246153846153847,38.58751468497633,41.3930603197952,101.89577115208353,12.145978290432112,0.0,0.0,0.0,0.11921814650710742,0.4513192856954508,0.298931057346147
healthy,0.42692307692307696,38.58751468497633,40.2984159414389,101.77870978819584,12.15924524500605,0.0,0.0,0.0,0.11633047133087777,0.45474181992563717,0.29585985259568404
healthy,0.4292307692307693,38.58751468497633,39.22274358268035,101.66181841256356,12.172492934244376,0.0,0.0,0.0,0.11349355172866277,0.4581511516099912,0.2928304283947466
healthy,0.4315384615384616,38.58751468497633,38.166150653303625,101.54509677834174,12.185721386122848,0.0,0.0,0.0,0.1107075798448561,0.4615457481337513,0.28984237365700516
healthy,0.4338461538461539,38.58751468497633,37.12871770489764,101.42854463904388,12.198930628576607,0.0,0.0,0.0,0.10797268672533523,0.4649241145707319,0.28689527635750356
healthy,0.4361538461538462,38.58751468497633,36.110499555919176,101.3121617485414,12.21212068950022,0.0,0.0,0.0,0.10528894428630318,0.46828479505095655,0.28398872374881046
healthy,0.4384615384615385,38.58751468497633,35.111526405102715,101.19594786106315,12.225291596747756,0.0,0.0,0.0,0.10265636735277404,0.47162637404360297,0.28112230256859905
healthy,0.4407692307692308,38.58751468497633,34.131804932758484,101.07990273119485,12.23844337813283,0.0,0.0,0.0,0.10007491575561872,0.4749474775524849,0.2782955992389186
healthy,0.4430769230769231,38.58751468497633,33.171319389327124,100.9640261138786,12.25157606142867,0.0,0.0,0.0,0.09754449647657754,0.47824677422159917,0.2755082000574154
healthy,0.4453846153846154,38.58751468497633,32.230032670424784,100.84831776441237,12.264689674368176,0.0,0.0,0.0,0.09506496583114588,0.4815229763485943,0.27275969138074907
healthy,0.4476923076923077,38.58751468497633,31.307887377509577,100.73277743844945,12.277784244643975,0.0,0.0,0.0,0.09263613167974671,0.48477484080436006,0.27004965980044726
healthy,0.45,38.58751468497633,30.404806863227904,100.61740489199795,12.290859799908477,0.0,0.0,0.0,0.0902577556581159,0.48800116985729547,0.2673776923114334
healthy,0.4523076923076923,38.58751468497633,29.52069626045239,100.50219988142031,12.303916367773944,0.0,0.0,0.0,0.0879295554183423,0.49120081190117915,0.2647433764734548
healthy,0.45461538461538464,38.58751468497633,28.65544349399895,100.38716216343275,12.316953975812535,0.0,0.0,0.0,0.08565120687252074,0.4943726620859351,0.262146300565636
healthy,0.45692307692307693,38.58751468497633,27.80892027400791,100.27229149510477,12.329972651556371,0.0,0.0,0.0,0.08342234643149121,0.4975156628509599,0.25958605373436977
healthy,0.4592307692307693,38.58751468497633,26.980983069986994,100.15758763385864,12.3429724224976,0.0,0.0,0.0,0.08124257323164907,0.5006288043610453,0.2570622261347584
healthy,0.46153846153846156,38.58751468497633,26.171474064543766,100.04305033746888,12.355953316088438,0.0,0.0,0.0,0.0791114513433175,0.5037111248452948,0.2545744090658079
healthy,0.4638461538461539,38.58751468497633,25.380222085876547,99.92867936406175,12.368915359741246,0.0,0.0,0.0,0.07702851195467234,0.5067617108397867,0.2521221950995749
healthy,0.4661538461538462,38.58751468497633,24.607043518145034,99.81447447211475,12.381858580828574,0.0,0.0,0.0,0.07499325552569942,0.5097796973350818,0.24970517820445717
healthy,0.46846153846153854,38.58751468497633,23.851743188903523,99.7004354204561,12.39478300668322,0.0,0.0,0.0,0.07300515390714396,0.5127642678300045,0.24732295386281702
healthy,0.47076923076923083,38.58751468497633,23.114115232847386,99.58656196826423,12.4076886645983,0.0,0.0,0.0,0.0710636524198787,0.515714654293445,0.2449751191831187
healthy,0.47307692307692306,38.58751468497633,22.393943931197423,99.47285387506729,12.420575581827286,0.0,0.0,0.0,0.06916817189057176,0.5186301370362254,0.2426612730067575
healthy,0.4753846153846154,38.58751468497633,21.691004526124374,99.35931090074259,12.433443785584085,0.0,0.0,0.0,0.06731811063997403,0.5215100444953608,0.2403810160097521
healthy,0.4776923076923077,38.58751468497634,21.0050640096963,99.24593280551616,12.446293303043081,0.0,2.036481043148864e-11,0.0,0.06551284642057034,0.5243537529333032,0.23813395079946773
healthy,0.48000000000000004,38.587514684976526,20.33588188691378,99.1327193499622,12.459124161339181,0.0,1.9778588093020818e-10,0.0,0.06375173830074526,0.527160686055004,0.23591968200653277
healthy,0.4823076923076923,38.58751468497823,19.68321091248238,99.0196702950026,12.47193638756782,0.0,1.8179456369513695e-09,0.0,0.06203412849300513,0.5299303145458458,0.23373781637210642
healthy,0.48461538461538467,38.58751468499333,19.046797801066944,98.9067854019064,12.484730008784387,0.0,1.5827192968021808e-08,0.0,0.06035934412417,0.5326621555336992,0.23158796283065028
healthy,0.4869230769230769,38.58751468512009,18.42638391095498,98.79406443228933,12.497505051999203,0.0,1.3062874748862428e-07,0.0,0.05872669894580414,0.5353557719785261,0.22946973258835457
healthy,0.4892307692307693,38.58751468612996,17.82170590188346,98.68150714811324,12.510261544138501,0.0,1.0229790700193893e-06,0.0,0.05713549498349352,0.5380107719930527,0.22738273919736193
healthy,0.49153846153846154,38.587514693769855,17.232496373067452,98.56911331168543,12.522999511757662,0.0,7.608078294604107e-06,0.0,0.05558502412392793,0.5406268080977641,0.225326598625931
healthy,0.4938461538461539,38.58751474870439,16.658484521966333,98.45688268565684,12.535718979045265,0.0,5.378427917442648e-05,0.0,0.05407456963925934,0.5432035764108266,0.22330092932467416
healthy,0.49615384615384617,38.587515124477356,16.09939708028223,98.34481503301254,12.548419954626755,0.0,0.0003617449939851617,0.0,0.05260340764987875,0.545740815755768,0.22130535228900594
healthy,0.4984615384615385,38.587517571936026,15.554961069531162,98.23291011701322,12.561102348609435,0.0,0.0023168906407023977,0.0,0.05117080853550418,0.5482383065599173,0.2193394911179265
healthy,0.5007692307692307,38.58753276250813,15.024917194939556,98.12116770083755,12.573765476404535,0.0,0.014141746040026722,0.0,0.04977603835397639,0.5506958687740989,0.21740297206926865
healthy,0.5030769230769231,38.58762264721306,14.509091791770441,98.00958754548951,12.58640523503032,0.0,0.0822694871649376,0.0,0.04841836059910031,0.5531133544731902,0.21549542411152872
healthy,0.5053846153846154,38.58812880770741,14.007772934702475,97.89816939814504,12.598998881029736,0.0,0.45455357921393486,0.0,0.04709704004908926,0.5554906119993767,0.21361647897239905
healthy,0.5076923076923078,38.590807606662835,13.52352925281618,97.78691293118582,12.611429360688083,0.0,2.335541353360314,0.0,0.045811357331683254,0.5578273069129743,0.2117657711841177
healthy,0.51,38.603402848822206,13.068283272046997,97.6758174603102,12.62318049791003,0.0,10.220557432215436,0.0,0.044560670135283746,0.5601221201092068,0.20994293812574513
healthy,0.5123076923076924,38.648521902527264,12.67578318414601,97.56488102960033,12.632745356476814,0.0,31.199392029954197,0.0,0.04334460124170035,0.5623702693371968,0.20814762006247745
healthy,0.5146153846153846,38.754099745092496,12.382763455188485,97.45409928578152,12.638262097938593,0.0,60.351490028559155,0.0,0.042163242240269815,0.5645609992752478,0.20637946018210013
healthy,0.516923076923077,38.92419783530866,12.183966046796028,97.3434663652755,12.639460622914868,0.0,85.82061402545172,0.0,0.041016913995005906,0.5666813046616742,0.20463810462868412
healthy,0.5192307692307693,39.145279774781535,12.048547907992813,97.23297697617018,12.637243957715276,0.0,104.69074863503084,0.0,0.03990571866285928,0.5687221610717045,0.2029232025336236
healthy,0.5215384615384616,39.4038081599917,11.949888232457905,97.12262709382719,12.632515052033474,0.0,118.66164657087556,0.0,0.03882942233589327,0.570679739343923,0.2012344060441102
healthy,0.5238461538461539,39.690783241908576,11.871448934189338,97.0124136838544,12.625874233035931,0.0,129.6264670996902,0.0,0.0377875412414336,0.5725537803469493,0.19957137034913805
healthy,0.5261538461538462,40.00083591010249,11.803979556660073,96.90233432986658,12.617679715274958,0.0,138.8302595648604,0.0,0.036779437438616995,0.5743460086388792,0.19793375370312896
healthy,0.5284615384615385,40.33081688290938,11.742487259849547,96.79238698011426,12.608141683393091,0.0,146.99190938244345,0.0,0.03580438262240783,0.5760591332228655,0.19632121744726566
healthy,0.5307692307692309,40.67882859901199,11.684301506786277,96.6825697995818,12.597386849446597,0.0,154.50894808772344,0.0,0.03486159623016622,0.5776962918229929,0.19473342602861837
healthy,0.5330769230769231,41.04366080697919,11.627988394077542,96.57288108785312,12.585496089578035,0.0,161.59861649007894,0.0,0.03395026794163023,0.5792607572798157,0.19317004701714613
healthy,0.5353846153846153,41.42447916099332,11.57276870286215,96.46331923414382,12.572525209397478,0.0,168.3801036377488,0.0,0.033069571369567896,0.580755787374395,0.19163075112065447
healthy,0.5376923076923077,41.820656839292056,11.518211043673706,96.35388269260571,12.558516172218551,0.0,174.9198225081638,0.0,0.03221867283360623,0.5821845507925003,0.19011521219778524
healthy,0.54,42.231683972414174,11.464070662153516,96.24456996855571,12.543503138736073,0.0,181.25578546794415,0.0,0.03139673733601154,0.583550092950018,0.18862310726911558
healthy,0.5423076923076924,42.65711878327757,11.410204510925553,96.1353796105861,12.527515725248406,0.0,187.41062529326456,0.0,0.03060293287840447,0.5848553225008498,0.18715411652643693
healthy,0.5446153846153846,43.096560994651746,11.35652617404098,96.02631020585929,12.510580777025833,0.0,193.3985462269534,0.0,0.029836433736188057,0.5861030084618355,0.18570792334028724
healthy,0.546923076923077,43.549637140345645,11.302981681154025,95.91736037714722,12.492723347900274,0.0,199.2290476354529,0.0,0.029096423032227908,0.5872957826814853,0.18428421426580224
healthy,0.5492307692307692,44.01599227092268,11.249536342515388,95.80852878084411,12.473967253442824,0.0,204.90893151947301,0.0,0.028382094806019383,0.5884361448893146,0.18288267904695532
healthy,0.5515384615384616,44.495285120480666,11.196167451162172,95.6998141055367,12.454335393340463,0.0,210.44339450784395,0.0,0.027692655697039215,0.5895264688782582,0.1815030106192471
healthy,0.5538461538461539,44.98718516590014,11.142860144558128,95.591215070906,12.433849947570645,0.0,215.8366288781453,0.0,0.02702732631878399,0.5905690090645963,0.18014490511091077
healthy,0.5561538461538462,45.49137073481875,11.089604991289226,95.48273042683608,12.412532502637328,0.0,221.0921585328832,0.0,0.026385342376342387,0.5915659070354072,0.17880806184268988
healthy,0.5584615384615385,46.007527705260635,11.036396535258588,95.37435895266042,12.390404138347776,0.0,226.21303080742646,0.0,0.02576595556652426,0.5925191978876296,0.17749218332625122
healthy,0.5607692307692308,46.535348547345166,10.98323238171804,95.26609945650621,12.367485491772952,0.0,231.20192920589943,0.0,0.02516843429104648,0.593430816266208,0.17619697526128594
healthy,0.5630769230769231,47.074531569625066,10.93011259687712,95.15795077471333,12.343796807557487,0.0,236.06124238240994,0.0,0.02459206420767793,0.5943026020639259,0.17492214653135713
healthy,0.5653846153846155,47.62478029366215,10.877039293700731,95.04991177131356,12.319357979673656,0.0,240.79310868257215,0.0,0.024036148640316394,0.5951363057747794,0.17366740919854481
healthy,0.5676923076923077,48.185802913971465,10.824016331468851,94.94198133756116,12.294188587478304,0.0,245.3994468965686,0.0,0.02350000886603202,0.595933593508013,0.17243247849694165
healthy,0.5700000000000001,48.76364994031225,10.72032050206575,94.8341582559805,12.267885401634727,0.0,258.2141615001192,0.0,0.022983000536218327,0.5966989247357671,0.17121707282504817
healthy,0.5723076923076923,49.37747569726436,10.60012345377798,94.72643997476267,12.239171756375942,0.0,273.38620511183234,0.0,0.022484655982623742,0.5974421971271656,0.17002091373711753
healthy,0.5746153846153847,50.023815852297936,10.490540181537856,94.61882329066715,12.20827897023786,0.0,286.4525707198784,0.0,0.022004587267497468,0.5981625564371136,0.1688437259334945
healthy,0.576923076923077,50.69819816898228,10.389849909277624,94.51130542885274,12.17550550679787,0.0,297.73910513238974,0.0,0.02154235729560383,0.5988588361777254,0.1676852372499973
healthy,0.5792307692307693,51.396838950524675,10.296636909114733,94.40388397654306,12.141103885956808,0.0,307.51791256028173,0.0,0.021097493695770797,0.5995302971821782,0.1665451786463819
healthy,0.5815384615384616,52.116527656472606,10.209739301085577,94.2965568277737,12.105288382420808,0.0,316.01489829631754,0.0,0.020669499914239477,0.6001765421970171,0.16542328419393665
healthy,0.5838461538461539,52.85452889465648,10.128204715002287,94.18932213749386,12.068241564773597,0.0,323.4171250111612,0.0,0.020257864051877784,0.6007974459661698,0.16431929106224297
healthy,0.5861538461538462,53.60850054783752,10.051252795458915,94.08217828354204,12.0301197580094,0.0,329.8793896305772,0.0,0.019862065870026903,0.6013930982098998,0.163232939505147
healthy,0.5884615384615386,54.37642600821524,9.978243961050095,93.97512383516711,11.991057564800046,0.0,335.5298678908606,0.0,0.01948158231858514,0.6019637572344697,0.16216397284597647
healthy,0.5907692307692308,55.15655837896045,9.9086536231361,93.86815752695199,11.95117158834808,0.0,340.47485370056216,0.0,0.019115891875288546,0.6025098122552165,0.1611121374620435
healthy,0.5930769230769231,55.94737465695453,9.842051042052331,93.76127823717935,11.910563489322703,0.0,344.80268866611743,0.0,0.018764477930044002,0.6030317528369236,0.16007718276846675
healthy,0.5953846153846154,56.747538158797724,9.778082054603988,93.65448496984274,11.869322492831307,0.0,348.5869960189664,0.0,0.018426831402624657,0.6035301441365263,0.15905886120134993
healthy,0.5976923076923077,57.55586771529963,9.716454996555726,93.54777683964679,11.827527443820054,0.0,351.88933055969454,0.0,0.018102452745003,0.6040056068718128,0.15805692820034908
healthy,0.6000000000000001,58.37131240515518,9.656929242083722,93.44115305945894,11.78524849291764,0.0,354.76134496400243,0.0,0.01779085344975376,0.6044588011385658,0.1570711421906617
healthy,0.6023076923076923,59.192930814184706,9.599305876190686,93.33461292977296,11.742548480346752,0.0,357.24655888395563,0.0,0.017491557162027754,0.6048904133622535,0.15610126456446893
healthy,0.6046153846153847,60.01987391946586,9.543421230523988,93.22815582982501,11.699484077988776,0.0,359.38161603559024,0.0,0.017204100473453162,0.6053011457672548,0.15514705966186199
healthy,0.6069230769230769,60.85110518869112,9.491165607388105,93.12178121601778,11.656124449605244,0.0,360.8631775563498,0.0,0.01692803286808991,0.6056915707877824,0.1542082947512814
healthy,0.6092307692307692,61.68471228703898,9.44408610822631,93.01548867493977,11.612597131037562,0.0,361.4547757791295,0.0,0.016662911265853866,0.606061789520597,0.15328474000949813
healthy,0.6115384615384616,62.518736656950715,9.401823939116912,92.90927796735916,11.569032719902584,0.0,361.23789317593145,0.0,0.016408295939281864,0.6064118799833778,0.15237616850116348
healthy,0.6138461538461539,63.35140089691456,9.36404360713837,92.8031490167195,11.525549718310819,0.0,360.2881470932129,0.0,0.016163752069590157,0.6067420115054534,0.15148235615795516
healthy,0.6161538461538462,64.1810958712936,9.330430461465305,92.69710189372101,11.482255393958711,0.0,358.6758345497716,0.0,0.01592885149806883,0.6070524325719883,0.15060308175734383
healthy,0.6184615384615385,65.00636898499705,9.300688644130876,92.59113680199306,11.439246563440983,0.0,356.46639882747047,0.0,0.015703174187942214,0.6073434600933839,0.14973812690100619
healthy,0.6207692307692307,65.82591345516052,9.274539390155516,92.48525406476254,11.396610308982877,0.0,353.7208287084057,0.0,0.015486309434838093,0.6076154698996614,0.14888727599290766
healthy,0.6230769230769232,66.63855843620541,9.251719622156077,92.37945411243646,11.354424638176841,0.0,350.49600043598474,0.0,0.015277856858599928,0.6078688882890606,0.14805031621707768
healthy,0.6253846153846154,67.44325987680824,9.231980790309176,92.27373747102851,11.31275909482955,0.0,346.8449715086456,0.0,0.015077427204590823,0.6081041844857777,0.1472270375151005
healthy,0.6276923076923078,68.23909200713979,9.215087914305567,92.16810475136941,11.271675327702148,0.0,342.8172343790583,0.0,0.014884642978753889,0.6083218638840475,0.14641723256334166
healthy,0.63,69.0252393721699,9.200818789483343,92.06255663904894,11.231227622763129,0.0,338.4589371023556,0.0,0.01469913893740505,0.6085224619750181,0.14562069674993217
healthy,0.6323076923076923,69.80098934194528,9.188963324534958,91.9570938850439,11.191463403565338,0.0,333.8130769972119,0.0,0.014520562449949684,0.6087065388694068,0.14483722815152947
healthy,0.6346153846153847,70.56572504267871,9.1793229829754,91.85171729699255,11.152423703495598,0.0,328.91967247646375,0.0,0.014348573750355286,0.6088746743430657,0.1440666275098742
healthy,0.636923076923077,71.3189186634225,9.17171030490199,91.74642773107948,11.11414361291616,0.0,323.8159173811978,0.0,0.01418284609121162,0.6090274633446129,0.14330869820816236
healthy,0.6392307692307693,72.06012510223482,9.165948489466183,91.64122608449952,11.076652703607737,0.0,318.53632141714644,0.0,0.01402306581251041,0.6091655119144519,0.14256324624724886
healthy,0.6415384615384616,72.78897592328879,9.16187102192312,91.53611328847124,11.039975432420675,0.0,313.1128396442928,0.0,0.013868932335830118,0.6092894334730338,0.14183008022170157
healthy,0.6438461538461538,73.5051736025165,9.159321332149448,91.43109030177338,11.00413152563125,0.0,307.57499340581984,0.0,0.013720158093376721,0.6093998454433293,0.14110901129572095
healthy,0.6461538461538463,74.20848604431094,9.158152474149775,91.32615810477917,10.969136345170966,0.0,301.9499845958512,0.0,0.013576468400273886,0.6094973661783513,0.14039985317894166
healthy,0.6484615384615385,74.89874135569977,9.158226818340715,91.22131769396478,10.93500123763734,0.0,296.26280475037885,0.0,0.01343760127758648,0.609582612169376,0.13970242210213166
healthy,0.6507692307692308,75.5758228674151,9.159415750339237,91.11657007686935,10.901733866793798,0.0,290.53634009600887,0.0,0.013303307232775261,0.6096561955143985,0.13901653679280293
healthy,0.6530769230769231,76.23966439355505,9.161599371623083,91.0119162674849,10.869338530114709,0.0,284.7914733998019,0.0,0.013173349003597422,0.6097187216294684,0.13834201845074828
healthy,0.6553846153846153,76.89024572319315,9.16466619880603,90.90735728205493,10.837816459820896,0.0,279.04718322415,0.0,0.01304750127087018,0.6097707871879979,0.13767869072351824
healthy,0.6576923076923078,77.52758833845392,9.168512859409956,90.80289413526127,10.80716610877346,0.0,273.320640996964,0.0,0.01292555034498864,0.6098129782750298,0.13702637968184983
healthy,0.66,78.1517513543349,9.173043782947026,90.69852783677916,10.777383421542702,0.0,267.62730615343395,0.0,0.012807293830622839,0.609845868744887,0.1363849137950615
healthy,0.6623076923076924,78.76282767600215,9.17817088687603,90.59425938818084,10.748462090939363,0.0,261.98101948558786,0.0,0.012692540273602518,0.6098700187716929,0.1357541239064245
healthy,0.6646153846153846,79.36094036949062,9.183813257588396,90.49008978016853,10.720393800281526,0.0,256.3940947448771,0.0,0.012581108793623723,0.6098859735830083,0.13513384320852356
healthy,0.666923076923077,79.9462392417635,9.189896827037446,90.3860199901178,10.693168451669086,0.0,250.87740847571968,0.0,0.012472828706072435,0.6098942623673597,0.13452390721861712
healthy,0.6692307692307693,80.51889762597534,9.196354045963732,90.28205097991298,10.66677438054484,0.0,245.44048801079575,0.0,0.012367539135951506,0.6098953973467728,0.13392415375400865
healthy,0.6715384615384616,81.07910936758564,9.20312355491306,90.17818369405647,10.641198556834556,0.0,240.09159752715192,0.0,0.012265088626614275,0.6098898730056366,0.1333344229074378
healthy,0.6738461538461539,81.62708600671182,9.210149854402141,90.07441905803431,10.616426772975325,0.0,234.83782204335807,0.0,0.01216533474574755,0.6098781654673275,0.13275455702250283
healthy,0.6761538461538462,82.16305415182234,9.217382975678236,89.97075797692072,10.59244381916083,0.0,229.68514922848863,0.0,0.012068143690805609,0.6098607320100768,0.1321844006691221
healthy,0.6784615384615384,82.68725303956865,9.224778153552768,89.86720133420496,10.569233646152194,0.0,224.63854889158853,0.0,0.011973389895873134,0.6098380107135711,0.1316238006190451
healthy,0.6807692307692308,83.19993227525413,9.232295502776582,89.76374999082417,10.546779516022985,0.0,219.7020500234233,0.0,0.011880955641726738,0.6098104202277743,0.13107260582141994
healthy,0.6830769230769231,83.70134974814991,9.239899699375938,89.66040478438636,10.525064141226217,0.0,214.87881526908848,0.0,0.011790730670670508,0.6097783596554581,0.13053066737842695
healthy,0.6853846153846155,84.19176971559766,9.247559668289309,89.55716652856856,10.504069812389051,0.0,210.1712127196359,0.0,0.011702611807539596,0.6097422085399433,0.12999783852098504
healthy,0.6876923076923077,84.67146104959382,9.255248278545748,89.45403601267523,10.483778515257221,0.0,205.58088492190484,0.0,0.011616502588096331,0.6097023269495961,0.12947397458453935
healthy,0.6900000000000001,85.14069563933141,9.262942047108595,89.35101400134293,10.464172037225707,0.0,201.10881501818918,0.0,0.011532312895884859,0.6096590556506979,0.12895893298493605
healthy,0.6923076923076923,85.59984720444368,9.269058919853686,89.24810123437784,10.4452253798076,0.0,197.00954500838216,0.0,0.011449958608462117,0.6096127831388273,0.12845257319439263
healthy,0.6946153846153847,86.05646441733015,9.233254961637064,89.1452982112309,10.42643524157182,0.0,199.7915497322602,0.0,0.011369377840861034,0.6095685502637638,0.12795475671756834
healthy,0.696923076923077,86.52200740212578,9.191394912372235,89.0426043929087,10.40703767532863,0.0,203.46891189775025,0.0,0.011290590053585691,0.6095334903557427,0.12746534706774293
healthy,0.6992307692307693,86.99467788655294,9.156026082476222,88.94001888945749,10.387152666757954,0.0,206.0065510333054,0.0,0.011213638280239984,0.609505761003165,0.12698420974310748
healthy,0.7015384615384616,87.47208960576585,9.126043471396615,88.83754103102969,10.366939376098912,0.0,207.60874411701923,0.0,0.011138545014296475,0.609483283864996,0.1265112122031748
healthy,0.7038461538461539,87.95228207687101,9.100556743084718,88.73517033708687,10.346528556672087,0.0,208.44153165345347,0.0,0.01106531584590724,0.6094643924676283,0.12604622384531314
healthy,0.7061538461538462,88.4336408769664,9.078847243386912,88.63290648268894,10.326027873497496,0.0,208.6398904477593,0.0,0.010993943056893458,0.6094477527054788,0.12558911598140954
healthy,0.7084615384615386,88.91483306662904,9.060333454668262,88.53074927108534,10.305526211501725,0.0,208.31370014326063,0.0,0.010924408506995976,0.6094322990502233,0.12513976181466627
healthy,0.7107692307692308,89.39475509925265,9.044543357243045,88.42869861140015,10.285097150757808,0.0,207.55262300038524,0.0,0.01085668595210339,0.6094171833328136,0.12469803641653619
healthy,0.713076923076923,89.87249088890651,9.031092379579487,88.32675450042166,10.264801764025114,0.0,206.43005544749101,0.0,0.010790742907902854,0.6094017335761435,0.12426381670380005
healthy,0.7153846153846154,90.34727807865464,9.019665837527997,88.22491700769494,10.244690867217598,0.0,205.00630889848566,0.0,0.010726542149794835,0.6093854208595388,0.12383698141579076
healthy,0.7176923076923077,90.8184808974047,9.010004962057307,88.12318626327216,10.224806830335508,0.0,203.33116095615966,0.0,0.01066404292154735,0.6093678326034819,0.12341741109176788
healthy,0.7200000000000001,91.28556829528827,9.001895786795652,88.0215624476027,10.205185036252477,0.0,201.44589734572259,0.0,0.010603201910410458,0.6093486509898799,0.12300498804844592
healthy,0.7223076923076923,91.7480963013684,8.995160310220948,87.92004578314872,10.185855057818587,0.0,199.3849444570016,0.0,0.010543974034635334,0.6093276354943458,0.12259959635768006
healthy,0.7246153846153847,92.20569375633063,8.989649464982984,87.81863652739464,10.166841609806566,0.0,197.17717406369076,0.0,0.010486313079977902,0.6093046087150217,0.1222011218243122
healthy,0.7269230769230769,92.6580507424984,8.985237522068033,87.71733496698575,10.148165320908388,0.0,194.84694617106763,0.0,0.010430172214335901,0.6092794448479755,0.1218094519641805
healthy,0.7292307692307693,93.10490917025778,8.981817633972744,87.61614141278395,10.129843361867302,0.0,192.41494297826685,0.0,0.01037550440377639,0.6092520602907628,0.12142447598229497
healthy,0.7315384615384616,93.5460550896057,8.979298282109276,87.5150561956716,10.111889958516837,0.0,189.89883635106287,0.0,0.010322262748540006,0.6092224059603124,0.12104608475118193
healthy,0.7338461538461539,93.98131238313582,8.97760044224298,87.41407966296757,10.094316812654624,0.0,187.31382263996795,0.0,0.0102704007539043,0.6091904609944234,0.12067417078939939
healthy,0.7361538461538462,94.41053756662933,8.976655320325696,87.31321217534695,10.077133449018724,0.0,184.6730518036184,0.0,0.01021987254784869,0.6091562275722963,0.12030862824022599
healthy,0.7384615384615385,94.83361547905119,8.976402541655553,87.21245410417735,10.060347502923152,0.0,181.98797230043772,0.0,0.010170633055128168,0.6091197266421606,0.11994935285052534
healthy,0.7407692307692308,95.2504556880321,8.976788700505345,87.11180582920153,10.04396496015502,0.0,179.26860882857798,0.0,0.010122638135505012,0.6090809943860096,0.1195962419497875
healthy,0.7430769230769232,95.6609894721527,8.977766196533421,87.01126773650996,10.027990358385356,0.0,176.52378650535064,0.0,0.010075844692407744,0.6090400792849012,0.11924919442934984
healthy,0.7453846153846154,96.06516726938615,8.979292299472943,86.9108402167578,10.012426957475038,0.0,173.76131230307897,0.0,0.010030210757105647,0.6089970396749967,0.11890811072179822
healthy,0.7476923076923078,96.4629565033754,8.981328395623935,86.81052366358925,9.997276884568192,0.0,170.98812235281497,0.0,0.009985695552543163,0.6089519417058455,0.11857289278055057
healthy,0.75,96.85433971699361,8.983839379204516,86.71031847223945,9.982541258679957,0.0,168.21040197472877,0.0,0.009942259540222485,0.6089048576295067,0.1182434440596238
healthy,0.7523076923076925,97.23931295679459,8.986793159180174,86.61022503828937,9.968220298540897,0.0,165.43368390022943,0.0,0.009899864452915836,0.6088558643627693,0.11791966949358529
healthy,0.7546153846153847,97.61788436324382,8.990160258191658,86.51024375655383,9.954313416707643,0.0,162.66292904252165,0.0,0.009858473315500882,0.6088050422757001,0.11760147547769019
healthy,0.756923076923077,97.99007293061804,8.993913484970019,86.41037502008598,9.940819302349052,0.0,159.90259329024929,0.0,0.009818050455819021,0.608752474168549,0.11728876984820515
healthy,0.7592307692307693,98.35590740763858,8.998027665418592,86.31061921928487,9.927735994638475,0.0,157.15668309640253,0.0,0.00977856150713804,0.6086982444061092,0.11698146186291958
healthy,0.7615384615384616,98.71542531563023,9.002479420557872,86.21097674109457,9.915060948300601,0.0,154.42880207496566,0.0,0.0097399734035424,0.6086424381843196,0.11667946218184509
healthy,0.763846153846154,99.06867206556902,9.007246981931571,86.11144796828545,9.902791092556384,0.0,151.72219037135466,0.0,0.00970225436936433,0.6085851409084753,0.11638268284810346
healthy,0.7661538461538463,99.41570015903118,9.01231003698537,86.01203327880951,9.890922884466175,0.0,149.03975821661678,0.0,0.00966537390359726,0.6085264376660999,0.116091037269004
healthy,0.7684615384615385,99.7565684609686,9.017649598456686,85.91273304522294,9.879452357476827,0.0,146.3841147907964,0.0,0.009629302760092417,0.6084664127805175,0.11580444019731027
healthy,0.7707692307692308,100.09134153456152,9.023247893030135,85.81354763416995,9.868375165823302,0.0,143.75759329370084,0.0,0.009594012924223448,0.608405149433562,0.11552280771269688
healthy,0.7730769230769231,100.42008903025432,9.029088265484681,85.71447740592286,9.85768662531179,0.0,141.16227293964394,0.0,0.00955947758660795,0.608342729347817,0.11524605720339615
healthy,0.7753846153846154,100.74288512255995,9.035155095332952,85.61552271397376,9.847381750912309,0.0,138.5999984474434,0.0,0.009525671114394913,0.6082792325203499,0.11497410734803507
healthy,0.7776923076923078,101.05980798939822,9.041433723571545,85.51668390467395,9.837455291510404,0.0,136.07239748076947,0.0,0.009492569020560218,0.6082147370011929,0.1147068780976623
healthy,0.78,101.37093932967166,9.047910387653534,85.41796131691743,9.82790176210458,0.0,133.580896401026,0.0,0.009460147931595967,0.608149318710861,0.11444429065796535
healthy,0.7823076923076924,101.6763639155299,9.054572163187245,85.31935528186524,9.818715473686611,0.0,131.1267346206534,0.0,0.009428385553931662,0.6080830512920515,0.11418626747167766
healthy,0.7846153846153846,101.97616917636657,9.061406911177928,85.22086612270783,9.809890561002009,0.0,128.71097778532837,0.0,0.00939726063938443,0.6080160059913645,0.11393273220117545
healthy,0.786923076923077,102.27044481206325,9.068403229877239,85.12249415446257,9.801421008356693,0.0,126.33452996616857,0.0,0.009366752949900397,0.607948251567456,0.11368360971126394
healthy,0.7892307692307693,102.55928243336785,9.075550410502785,85.024239683804,9.793300673611023,0.0,123.99814500521714,0.0,0.009336843221818842,0.6078798542225086,0.11343882605215277
healthy,0.7915384615384616,102.84277522758909,9.082838396245632,84.92610300892454,9.785523310482613,0.0,121.7024371274481,0.0,0.00930751312986426,0.6078108775542929,0.11319830844261985
healthy,0.7938461538461539,103.12101764802162,9.090257744107268,84.82808441942338,9.778082589263908,0.0,119.44789090861401,0.0,0.009278745251047993,0.6077413825264236,0.11296198525336357
healthy,0.7961538461538462,103.39410512569995,9.097799589204064,84.73018419622154,9.770972116048227,0.0,117.23487066941532,0.0,0.009250523028640479,0.6076714274546842,0.11272978599054236
healthy,0.7984615384615384,103.66213380222383,9.105455611253495,84.63240261150128,9.764185450548268,0.0,115.06362935154812,0.0,0.009222830736356614,0.6076010680075277,0.11250164127950156
healthy,0.8007692307692309,103.92520028251212,9.113218003015385,84.53473992866783,9.757716122583503,0.0,112.93431691957069,0.0,0.009195653442880224,0.6075303572190605,0.11227748284868616
healthy,0.8030769230769231,104.18340140643268,9.121079440507499,84.43719640233198,9.751557647306866,0.0,110.84698832344124,0.0,0.009168976976838652,0.6074593455129833,0.11205724351373957
healthy,0.8053846153846155,104.43683403832765,9.129033054850423,84.33977227831161,9.745703539236171,0.0,108.80161104952356,0.0,0.009142787892324932,0.6073880807361133,0.11184085716178678
healthy,0.8076923076923077,104.68559487351138,9.137072405623599,84.24246779365099,9.74014732515213,0.0,106.79807228258059,0.0,0.00911707343505268,0.6073166082002404,0.11162825873590189
healthy,0.81,104.9297802608651,9.145191455635151,84.14528317665592,9.734882555921324,0.0,104.83618569715702,0.0,0.009091821509217569,0.6072449707311863,0.11141938421975842
healthy,0.8123076923076924,105.16948604069152,9.153384547023624,84.0482186469438,9.729902817300268,0.0,102.91569789382,0.0,0.009067020645128945,0.6071732087240366,0.11121417062246214
healthy,0.8146153846153847,105.40480739702532,9.16164637862167,83.9512744155069,9.725201739774198,0.0,101.03629449345709,0.0,0.009042659967665666,0.6071013602036076,0.11101255596356498
healthy,0.816923076923077,105.63583872362426,9.16997198451978,83.85445068478798,9.720773007482412,0.0,99.1976059013848,0.0,0.00901872916560155,0.6070294608892968,0.11081447925825923
healthy,0.8192307692307693,105.86267350289133,9.178356713774933,83.7577476487667,9.716610366280353,0.0,97.39921275190508,0.0,0.008995218461837866,0.6069575442635381,0.11061988050275104
healthy,0.8215384615384616,106.08540419700226,9.18679621121351,83.66116549305599,9.712707630986836,0.0,95.6406510432676,0.0,0.008972118584572917,0.6068856416431561,0.11042870065981213
healthy,0.823846153846154,106.30412215053488,9.195286399280814,83.56470439500727,9.709058691863515,0.0,93.9214169726587,0.0,0.008949420739432076,0.6068137822529779,0.11024088164450846
healthy,0.8261538461538462,106.518917503919,9.203823460892417,83.46836452382341,9.70565752037208,0.0,92.24097148056764,0.0,0.008927116582575433,0.6067419933011207,0.11005636631010512
healthy,0.8284615384615385,106.72987911704705,9.212403823243923,83.37214604067871,9.702498174253275,0.0,90.59874451387554,0.0,0.00890519819479459,0.6066703000554292,0.10987509843414571
healthy,0.8307692307692308,106.93709450240694,9.221024142537097,83.27604909884484,9.699574801970458,0.0,88.99413901706563,0.0,0.008883658056604975,0.6065987259205897,0.1096970227047056
healthy,0.833076923076923,107.14064976712082,9.2296812895817,83.18007384382207,9.69688164655878,0.0,87.42653466096992,0.0,0.008862489024335373,0.6065272925154945,0.10952208470681753
healthy,0.8353846153846155,107.34062956329501,9.238372336232661,83.08422041347501,9.694413048919833,0.0,85.89529131870621,0.0,0.008841684307212114,0.6064560197504772,0.10935023090906831
healthy,0.8376923076923077,107.53711704610895,9.247094542623609,82.98848893817204,9.692163450599905,0.0,84.39975229847096,0.0,0.008821237445431559,0.6063849259040796,0.10918140865036567
healthy,0.8400000000000001,107.73019383909326,9.255845345158313,82.89287954092796,9.690127396088615,0.0,82.93924734302809,0.0,0.008801142289211045,0.6063140276990504,0.10901556612687345
healthy,0.8423076923076923,107.9199400060701,9.264622345222403,82.79739233754911,9.688299534673096,0.0,81.51309540580456,0.0,0.00878139297880543,0.6062433403773143,0.10885265237911443
healthy,0.8446153846153847,108.10643402925169,9.2734232985787,82.70202743678043,9.686674621881442,0.0,80.12060721355631,0.0,0.008761983925473617,0.6061728777736788,0.10869261727923903
healthy,0.846923076923077,108.28975279301586,9.28224610541063,82.606784940454,9.685247520547488,0.0,78.76108762554747,0.0,0.008742909793377086,0.6061026523880826,0.10853541151845868
healthy,0.8492307692307693,108.4699715729009,9.291088800978706,82.51166494363858,9.684013201527566,0.0,77.43383779923448,0.0,0.008724165482390337,0.6060326754562142,0.10838098659464275
healthy,0.8515384615384616,108.64716402938409,9.299949546856922,82.41666753478953,9.682966744098248,0.0,76.13815717226761,0.0,0.008705746111801393,0.6059629570183578,0.10822929480007717
healthy,0.8538461538461539,108.82140220603172,9.308826622716184,82.32179279589904,9.68210333606266,0.0,74.87334527063868,0.0,0.008687647004878965,0.6058935059863461,0.1080802892093839
healthy,0.8561538461538462,108.99275653163039,9.317718418624056,82.22704080264603,9.681418273591424,0.0,73.63870335252498,0.0,0.008669863674281589,0.6058243302085238,0.10793392366759937
healthy,0.8584615384615386,109.16129582593123,9.326623427830407,82.1324116245455,9.680906960822762,0.0,72.43353589731505,0.0,0.008652391808283045,0.6057554365326447,0.107790152778411
healthy,0.8607692307692308,109.32708730866068,9.33554024001067,82.037905325097,9.680564909244962,0.0,71.25715194898957,0.0,0.008635227257787504,0.6056868308666427,0.10764893189254994
healthy,0.8630769230769232,109.49019661147186,9.344467534939076,81.94352196193202,9.680387736882915,0.0,70.10886632285374,0.0,0.008618366024107217,0.6056185182372347,0.10751021709633865
healthy,0.8653846153846154,109.65068779253154,9.353404076565967,81.84926158696,9.680371167309097,0.0,68.98800068430191,0.0,0.008601804247475147,0.6055505028463297,0.10737396520039237
healthy,0.8676923076923078,109.80862335345695,9.362348707474426,81.75512424651268,9.6805110284981,0.0,67.89388450803013,0.0,0.008585538196264618,0.6054827881252287,0.10724013372847238
healthy,0.8700000000000001,109.96406425833607,9.37130034369262,81.6611099814868,9.680803251542423,0.0,66.82585592580574,0.0,0.008569564256887941,0.6054153767866133,0.10710868090648999
healthy,0.8723076923076925,110.11706995458322,9.380257969839853,81.56721882748477,9.68124386924618,0.0,65.7832624705662,0.0,0.008553878924346014,0.6053482708743331,0.10697956565165984
healthy,0.8746153846153847,110.26769839539942,9.389220634585147,81.47345081495322,9.681829014612008,0.0,64.76546172431313,0.0,0.008538478793400936,0.6052814718110091,0.1068527475618008
healthy,0.876923076923077,110.41600606362374,9.398187446398882,81.37980596931949,9.682554919235542,0.0,63.771821876897015,0.0,0.008523360550344016,0.6052149804434789,0.10672818690478318
healthy,0.8792307692307693,110.5620479967778,9.407157569578633,81.2862843111256,9.68341791162058,0.0,62.801722202497075,0.0,0.008508520965331806,0.6051487970861178,0.10660584460812088
healthy,0.8815384615384616,110.70587781312132,9.416130220531832,81.19288585615993,9.684414415427119,0.0,61.85455346021922,0.0,0.008493956885263252,0.6050829215620749,0.10648568224870673
healthy,0.883846153846154,110.84754773855016,9.42510466429889,81.09961061558639,9.685540947663533,0.0,60.92971822491894,0.0,0.008479665227171543,0.6050173532424685,0.1063676620426899
healthy,0.8861538461538462,110.98710863418317,9.434080211301476,81.00645859607094,9.686794116833081,0.0,60.0266311539919,0.0,0.008465642972104793,0.6049520910835905,0.10625174683549347
healthy,0.8884615384615385,111.1246100244959,9.443056214301174,80.91342979990569,9.688170621044296,0.0,59.14471919562772,0.0,0.00845188715947031,0.6048871336621711,0.10613790009197133
healthy,0.8907692307692308,111.26010012587231,9.45203206555553,80.82052422513011,9.689667246093766,0.0,58.283421743574586,0.0,0.008438394881817869,0.6048224792087613,0.10602608588670213
healthy,0.8930769230769231,111.39362587545673,9.461007194158558,80.7277418656498,9.69128086352924,0.0,57.44219074326165,0.0,0.008425163280038103,0.6047581256392892,0.10591626889441973
healthy,0.8953846153846154,111.52523296019874,9.469981063553945,80.6350827113524,9.693008428700145,0.0,56.62049075377275,0.0,0.008412189538952874,0.6046940705848507,0.10580841438057767
healthy,0.8976923076923078,111.65496584599425,9.478953169209987,80.54254674822089,9.694846978802017,0.0,55.817798969876335,0.0,0.008399470883275209,0.6046303114197951,0.1057024881920473
healthy,0.9,111.78286780683531,9.487923036446034,80.45013395844417,9.69679363092064,0.0,55.033605208024746,0.0,0.0083870045739172,0.6045668452881675,0.10559845674794709
healthy,0.9023076923076924,111.90898095388934,9.496890218400551,80.35784432052495,9.698845580081217,0.0,54.26741186002049,0.0,0.008374787904625048,0.6045036691285702,0.10549628703060233
healthy,0.9046153846153846,112.03334626443754,9.505854294132128,80.26567780938494,9.701000097307203,0.0,53.51873381770095,0.0,0.00836281819892119,0.6044407796975048,0.10539594657663358
healthy,0.906923076923077,112.15600361060915,9.514814866844764,80.1736343964674,9.703254527693083,0.0,52.787098371838006,0.0,0.008351092807334292,0.6043781735912572,0.10529740346817223
healthy,0.9092307692307693,112.27699178785538,9.523771562229902,80.08171404983706,9.705606288494776,0.0,52.07204508813029,0.0,0.008339609104898688,0.6043158472663877,0.10520062632420216
healthy,0.9115384615384616,112.39634854311343,9.532724026917451,79.9899167342774,9.708052867241,0.0,51.37312566303799,0.0,0.00832836448890559,0.6042537970588846,0.10510558429202548
healthy,0.9138461538461539,112.51411060261697,9.541671927029393,79.8982424113854,9.710591819868528,0.0,50.68990376190602,0.0,0.008317356376889235,0.6041920192020448,0.10501224703885147
healthy,0.9161538461538462,112.63031369931478,9.550614946829171,79.80669103966368,9.713220768883797,0.0,50.02195484169987,0.0,0.008306582204831893,0.6041305098431355,0.10492058474350699
healthy,0.9184615384615386,112.74499259986474,9.559552787461264,79.71526257461025,9.715937401553187,0.0,49.368865960435954,0.0,0.008296039425572395,0.6040692650588987,0.10483056808826693
healthy,0.9207692307692309,112.8581811311744,9.5684851657749,79.62395696880569,9.718739468123726,0.0,48.73023557526856,0.0,0.008285725507403635,0.6040082808699506,0.1047421682508035
"HCM, untreated",0.0,80.37997098258747,13.342701203887966,68.32299909173663,13.164728704097351,0.0,21.9943975910433,0.0,0.007644567508854403,0.41101695032516306,0.1
"HCM, untreated",0.002307692307692308,80.4242961911315,13.53943909463297,68.25105365637555,13.169927506202006,0.0,12.80161907210881,0.0,0.007944704939596783,0.4109793964935928,0.15025868665490802
"HCM, untreated",0.004615384615384616,80.43713370034793,14.394363031592523,68.17921015165349,13.177213936122742,0.0,0.8575052701069374,0.0,0.009385686054591768,0.4108294055252195,0.19843058316928874
"HCM, untreated",0.006923076923076923,80.43757061935969,16.26816996112812,68.1074705801475,13.185315292959304,0.0,0.0017221591710138604,0.0,0.012561381216030482,0.4103814775604095,0.24458067372866968
"HCM, untreated",0.009230769230769232,80.43757130938774,19.462301208279072,68.03583517904126,13.193433925749474,0.0,4.205862872254091e-08,0.0,0.017976337777606058,0.4093869269067456,0.28877214371367943
"HCM, untreated",0.011538461538461539,80.43757130940398,24.163014565047,67.9643038018103,13.201540815167899,0.0,0.0,0.0,0.025954488459182502,0.4075621706006094,0.3310664263801415
"HCM, untreated",0.013846153846153847,80.43757130940398,30.42539681468094,67.89287629739972,13.209635932334432,0.0,0.0,0.0,0.036598271977890416,0.40462438039536847,0.37152324837624606
"HCM, untreated",0.016153846153846158,80.43757130940398,38.181341556264535,67.82155251497272,13.217719294342825,0.0,0.0,0.0,0.0498000266866437,0.40032729309239157,0.41020067412496586
"HCM, untreated",0.018461538461538463,80.43757130940398,47.26884751805189,67.75033230391155,13.22579091826309,0.0,0.0,0.0,0.06529059431130323,0.3944903937272684,0.4471551490992157
"HCM, untreated",0.02076923076923077,80.43757130940398,57.46987075112423,67.67921551381718,13.233850821140452,0.0,0.0,0.0,0.08270311563100402,0.3870168972640433,0.4824415420166005
"HCM, untreated",0.023076923076923078,80.39321963854134,68.4243173228249,67.63429121265905,13.241899019995886,101.33368695723095,0.0,0.2028348861697991,0.10163308142164615,0.37789934944468534,0.5161131859799593
"HCM, untreated",0.025384615384615387,79.52819234597335,77.42231625055952,68.07192136259127,13.249969422508098,552.7027152510522,0.0,6.034178596461938,0.12162476911303795,0.36743414449609685,0.5482219185892926
"HCM, untreated",0.027692307692307693,78.02084395488279,83.93391803528296,68.88654065277372,13.258135795693457,734.0366748381467,0.0,10.643157333480358,0.14218245429317242,0.3562922250698033,0.5788181210500501
"HCM, untreated",0.030000000000000002,76.20547822219076,88.41385087858934,69.88116367808581,13.266436235004223,828.5755623184126,0.0,13.561233826593062,0.16291137987657514,0.3449750343344193,0.607950756302162
"HCM, untreated",0.032307692307692315,74.23665779599915,91.16136706767976,70.96470102038415,13.274890031289855,870.6328162387513,0.0,14.972869149863097,0.18349589301044117,0.33384450348422545,0.6356674061936188
"HCM, untreated",0.03461538461538462,72.24014321927133,92.66151511554669,72.06310547272119,13.283505165140177,842.2656430185103,0.0,15.54481578471444,0.20368663613148116,0.3231383476741301,0.6620143077218373
"HCM, untreated",0.036923076923076927,70.35984853899689,93.74088674693,73.09176467983129,13.292276767019331,787.6142888036744,0.0,15.923436334276671,0.22330071433117546,0.31294099972580974,0.6870363883654973
"HCM, untreated",0.039230769230769236,68.60285196667945,94.64499546419414,74.04661313344388,13.301193713764398,735.9857249781384,0.0,16.182467980881427,0.24220922227911576,0.3032469624643122,0.7107773005289932
"HCM, untreated",0.04153846153846154,66.95906623092432,95.50803273104665,74.93367745461532,13.310245473081974,689.6838616392055,0.0,16.436252106596104,0.2603219698410688,0.29403133166019446,0.733279455121119
"HCM, untreated",0.04384615384615385,65.41532559860885,96.41035162366407,75.76078580604515,13.31942256874096,649.2596070229449,0.0,16.754008175481253,0.2775810671076603,0.28526176240947354,0.7545840542890865
"HCM, untreated",0.046153846153846156,63.95834603661448,97.39497310640083,76.53582553752439,13.32871670330627,614.3755474380004,0.0,17.172894284248436,0.293955016637658,0.2769053885007495,0.774731123328478
"HCM, untreated",0.048461538461538466,62.57613499024897,98.48095153073513,77.26591444601374,13.33812069676851,584.3131569336814,0.0,17.709158143119303,0.30943337327156434,0.26893219451347,0.7937595417892398
"HCM, untreated",0.050769230769230775,61.25851010662865,99.67313462899222,77.9570968910548,13.347628345238546,558.2555445259751,0.0,18.36650447078156,0.3240220403182913,0.26131623134392484,0.811707073797345
"HCM, untreated",0.053076923076923084,59.9971397623477,100.96869702890038,78.61432139349202,13.35723425791439,535.4308848490996,0.0,19.141790326313764,0.33773923423724916,0.2540356538757469,0.8286103976112855
"HCM, untreated",0.055384615384615386,58.78548242210461,102.34796826768573,79.24147769943244,13.366933699257348,515.0192650313523,0.0,20.016374978065176,0.3506121028713165,0.2470726400153144,0.8445051344320941
"HCM, untreated",0.057692307692307696,57.618753193080124,103.79470565320186,79.84141786681928,13.376722428888474,496.4321461986406,0.0,20.97469490919073,0.36267391078043343,0.24041354954715832,0.8594258764851535
"HCM, untreated",0.060000000000000005,56.49312409603691,105.30577115977334,80.41642774452453,13.386596582551425,479.3464394444999,0.0,22.01326477858181,0.37396181017377395,0.2340464771649857,0.8734062143916108
"HCM, untreated",0.062307692307692314,55.405457419586455,106.87639479671226,80.96838442751422,13.396552603575957,463.4880645122333,0.0,23.127081982124633,0.38451515156597627,0.22796054092063367,0.88647876384679
"HCM, untreated",0.06461538461538463,54.353188271790614,108.50109817361619,81.49882583286778,13.406587187488945,448.6340513667055,0.0,24.310468032548165,0.3943741880054039,0.2221456775911717,0.8986751916225797
"HCM, untreated",0.06692307692307692,53.33421144506759,110.17417883671995,82.00901764836367,13.416697236847613,434.6077300083781,0.0,25.55751480830601,0.4035791001281008,0.21659244525198212,0.9100262409103679
"HCM, untreated",0.06923076923076923,52.34678273786145,111.88994372627164,82.50001169490564,13.426879825386598,421.27152627375995,0.0,26.862302873723447,0.4121692821551775,0.21129185938259815,0.9205617560206975
"HCM, untreated",0.07153846153846154,51.38943738685921,113.64280683444649,82.97269415430009,13.437132170055378,408.5195674563888,0.0,28.218995275408073,0.42018283643404997,0.20623526899945535,0.9303107064554276
"HCM, untreated",0.07384615384615385,50.46092478625618,115.42731851721372,83.42782415984937,13.447451609466663,396.2710440426029,0.0,29.62186809310874,0.4276562319450171,0.20141426999338452,0.9393012103678131
"HCM, untreated",0.07615384615384616,49.56015731654621,117.23816436719876,83.8660640424433,13.457835587420012,384.464631379285,0.0,31.065312536479755,0.4346240896901041,0.19682064924985815,0.9475605574255375
"HCM, untreated",0.07846153846153847,48.68617079983337,119.0701538984318,84.2880027026749,13.46828164037462,373.0539729862718,0.0,32.54382735783926,0.44111906467575224,0.1924463524272032,0.9551152310913812
"HCM, untreated",0.08076923076923079,47.83809426067244,120.91820908823186,84.6941734823306,13.478787387957704,362.00410382973485,0.0,34.052010982922845,0.4471718001282036,0.18828346888665273,0.9619909303358488
"HCM, untreated",0.08307692307692308,47.01512700378238,122.77735711989358,85.08506771144303,13.489350525784298,351.2886566629464,0.0,35.58455746847286,0.4528109346087894,0.18432422837292098,0.9682125907957411
"HCM, untreated",0.08538461538461539,46.2165213810916,124.6427286144291,85.46114489327876,13.499968820022302,340.88769916477435,0.0,37.13625752616169,0.4580631468731291,0.18056100522078217,0.973804405392315
"HCM, untreated",0.0876923076923077,45.44156995024624,126.50956110032577,85.82284029458195,13.510640103264299,330.78606950259467,0.0,38.70200438872825,0.4629532267308995,0.17698632692734806,0.9787898444223545
"HCM, untreated",0.09000000000000001,44.68959600496541,128.37320677797666,86.17057054382636,13.52136227136865,320.9721014058127,0.0,40.27680362571542,0.46750416291405616,0.1735928848162114,0.9831916751351478
"HCM, untreated",0.09230769230769231,43.959946682947354,130.22914340218247,86.50473770698967,13.532133281011346,311.4366518012668,0.0,41.8557857843852,0.4717372411545222,0.17037354522141435,0.98703198080806
"HCM, untreated",0.09461538461538463,43.25198803532726,132.07298711107882,86.82573220494291,13.542951147751321,302.1723627524816,0.0,43.43422072962102,0.4756721474034262,0.16732136015487917,0.9903321793330806
"HCM, untreated",0.09692307692307693,42.56510158100215,133.9005061494656,87.13393485417791,13.553813944459693,293.17310458974225,0.0,45.007532667749224,0.4793270724780183,0.16442957681778966,0.9931130413264304
"HCM, untreated",0.09923076923076923,41.8986819773108,135.70763460106434,87.429718248641,13.564719799999969,284.43355906407305,0.0,46.57131499803889,0.48271881547238193,0.16169164560235408,0.9953947077730194
"HCM, untreated",0.10153846153846155,41.25213552235355,137.4904854214731,87.71344765089806,13.575666898074648,275.94891064358177,0.0,48.12134430671356,0.48586288407518646,0.159101226430471,0.9971967072172627
"HCM, untreated",0.10384615384615385,40.624879269161454,139.24536223299572,87.98548152247173,13.586653476175774,267.7146212361705,0.0,49.653592983106975,0.4887735905524599,0.15665219341107312,0.9985379725114893
"HCM, untreated",0.10615384615384617,40.01634058230421,140.96876949526285,88.2461717934066,13.597677824593637,259.72626913908323,0.0,51.16424008702173,0.49146414261680554,0.15433863788526436,0.9994368571328986
"HCM, untreated",0.10846153846153847,39.42595700670715,142.6574207981539,88.49586394795654,13.608738285451116,251.9794372661243,0.0,52.649680226600616,0.49394672874976203,0.15215486998103808,0.9999111510797642
"HCM, untreated",0.11076923076923077,38.853176348988264,144.30824513535612,88.73489698523416,13.619833251740912,244.46963898758028,0.0,54.10653031619647,0.49623259779758344,0.15009541882751926,0.9999780963573207
"HCM, untreated",0.11307692307692307,38.29745689547776,145.9183911087986,88.96360329956578,13.630961166350694,237.19227246577336,0.0,55.53163417443819,0.49833213284360534,0.14815503158994964,0.9996544020635202
"HCM, untreated",0.11538461538461539,37.758267709733545,147.48522908780654,89.18230851427238,13.642120521066893,230.14259635502776,0.0,56.92206499540399,0.500254919489128,0.14632867148668321,0.9989562590845964
"HCM, untreated",0.11769230769230771,37.23508896695406,149.00635140404083,89.39133129397838,13.65330985555218,223.31572128976856,0.0,58.275125782323826,0.5020098087623867,0.14461151494239247,0.9978993544101376
"HCM, untreated",0.12000000000000001,36.72741229408967,150.47957070616917,89.59098315381564,13.664527756294916,216.70661280731642,0.0,59.58834787550962,0.5036049749318239,0.14299894802043833,0.9964988850771302
"HCM, untreated",0.12230769230769233,36.23474109334207,151.90291662874523,89.78156827864153,13.675772855531157,210.3101023170922,0.0,60.859487736201146,0.5050479685334157,0.14148656226397674,0.9947695717522127
"HCM, untreated",0.12461538461538463,35.75659083364388,153.2746309498409,89.96338336131514,13.68704383014136,204.12090349184956,0.0,62.08652216757465,0.5063457649382954,0.14007015006125273,0.9927256719611465
"HCM, untreated",0.12692307692307694,35.29248930004038,154.59316142337062,90.13671746593074,13.698339400525159,198.13363206228067,0.0,63.26764216506617,0.5075048087910613,0.13874569963657762,0.9903809929743044
"HCM, untreated",0.12923076923076926,34.84197679497783,155.85715447631674,90.30185191950034,13.709658329458108,192.34282747687567,0.0,64.40124559195513,0.508531054644511,0.13750938975525617,0.9877489043567511
"HCM, untreated",0.13153846153846155,34.40460628859479,157.06544695968776,90.45906023375467,13.720999420934819,186.74297527000274,0.0,65.48592887431309,0.5094300041058333,0.13635758421854507,0.984842350191292
"HCM, untreated",0.13384615384615384,33.97994351742155,158.21705713622708,90.60860805737312,13.732361519002945,181.32852928275767,0.0,66.52047790315743,0.5102067397945624,0.1352868262137289,0.9816738609826592
"HCM, untreated",0.13615384615384615,33.567567032581024,159.31117507877644,90.75075315795996,13.743743506592471,176.09393311907974,0.0,67.503858322102,0.5108659563953896,0.13429383257462904,0.9782555652508067
"HCM, untreated",0.13846153846153847,33.167068199784936,160.347152641673,90.88574543237964,13.755144304344647,171.03364040643217,0.0,68.43520536685477,0.511411989070368,0.13337548799927604,0.9745992008210893
"HCM, untreated",0.14076923076923079,32.778051154237936,161.3244931544568,91.01382694358418,13.7665628694446,166.14213357608716,0.0,69.31381340941611,0.5118488394759735,0.13252883926399914,0.9707161258189212
"HCM, untreated",0.14307692307692307,32.40013271408387,162.24284097310297,91.13523198176199,13.777998194461386,161.41394099077118,0.0,70.13912534539634,0.5121801996114844,0.13175108946671252,0.9666173293763095
"HCM, untreated",0.1453846153846154,32.03294225632192,163.10197100952163,91.25018714746719,13.789449306198923,156.84365233363962,0.0,70.91072194805261,0.5124094737066428,0.1310395923265976,0.9623134420574947
"HCM, untreated",0.1476923076923077,31.676121559240187,163.90177834561783,91.35891145432159,13.800915264560874,152.42593223757316,0.0,71.62831129787081,0.5125397983388336,0.13039184656258312,0.9578147460107431
"HCM, untreated",0.15000000000000002,31.32932461540425,164.6422680240824,91.46161644889025,13.812395161432157,148.15553218185696,0.0,72.29171838210098,0.5125740609532536,0.129805490368905,0.9531311848531694
"HCM, untreated",0.1523076923076923,30.992217419133564,165.32354509457954,91.55850634539641,13.823888119579502,144.02730071796879,0.0,72.90087494487531,0.5125149169438387,0.129278296002492,0.9482723732952956
"HCM, untreated",0.15461538461538463,30.664477732226544,165.94580498124066,91.64977817304543,13.83539329157308,140.03619211023167,0.0,73.45580965553384,0.512364805438125,0.12880816449388588,0.9432476065118993
"HCM, untreated",0.15692307692307694,30.345794831477637,166.50932422554317,91.7356219338588,13.846909858730829,136.1772734928377,0.0,73.95663865072733,0.5121259639157542,0.1283931204907928,0.9380658692655298
"HCM, untreated",0.15923076923076926,30.03586924128366,167.01445164777687,91.81622076906575,13.858437030086971,132.4457306540496,0.0,74.40355649478681,0.5118004417779546,0.1280313072411115,0.9327358447889271
"HCM, untreated",0.16153846153846158,29.734412454375082,167.46159996043627,91.89175113225731,13.86997404138583,128.8368725627384,0.0,74.79682759280254,0.5113901129740227,0.1277209817203435,0.9272659234324224
"HCM, untreated",0.16384615384615384,29.44114664344082,167.8512378580414,91.96238296766613,13.881520154101784,125.34613475307027,0.0,75.13677808185683,0.5108966877805153,0.12746050990661087,0.9216642110822469
"HCM, untreated",0.16615384615384615,29.155804366149834,168.18388260002345,92.02827989209413,13.89307465448601,121.96908168101815,0.0,75.42378821784322,0.5103217238194927,0.12724836220505606,0.9159385373555369
"HCM, untreated",0.16846153846153847,28.87812826581491,168.46009309643037,92.08959937916323,13.90463685264051,118.70140816227702,0.0,75.65828526829347,0.5096666363936556,0.12708310902213946,0.9100964635776777
"HCM, untreated",0.17076923076923078,28.607870769697236,168.680463500213,92.14649294471121,13.916206081619581,115.53893999567546,0.0,75.84073691552773,0.5089327082085228,0.12696341648926285,0.9041452905474916
"HCM, untreated",0.17307692307692307,28.34479378671737,168.84561730471256,92.19910633229355,13.927781696558904,112.47763386978917,0.0,75.97164516920029,0.508121098544833,0.12688804233420475,0.8980920660956409
"HCM, untreated",0.1753846153846154,28.08866840612072,168.9562019406181,92.24757969788095,13.93936307383211,109.51357664355722,0.0,76.05154078287579,0.5072328519380597,0.12685583189804223,0.891943592441484
"HCM, untreated",0.1776923076923077,27.83927459844416,169.01288386300996,92.29204779296194,13.950949610234705,106.64298408453752,0.0,76.08097816554081,0.5062689064162312,0.1268657142945359,0.8857064333534996
"HCM, untreated",0.18000000000000002,27.596400919945907,169.01634411611138,92.33264014536981,13.96254072219503,103.86219914125252,0.0,76.06053077589407,0.5052301013420968,0.12691669870835975,0.8793869211182559
"HCM, untreated",0.18230769230769234,27.35984422149242,168.9672743609454,92.36948123725239,13.974135845011899,101.16768981901531,0.0,75.9907869847789,0.5041171849010034,0.1270078708280521,0.8729911633227984
"HCM, untreated",0.18461538461538463,27.12940936274387,168.86637334917992,92.402690679694,13.98573443211842,98.5560467217985,0.0,75.87234638915515,0.5029308212716126,0.12713838940914152,0.8665250494551908
"HCM, untreated",0.18692307692307694,26.90490893234303,168.71434382498086,92.43238338357943,13.997335954371463,96.02398031620547,0.0,75.7058165595042,0.5016715975127218,0.12730748296255218,0.859994257327842
"HCM, untreated",0.18923076923076926,26.686162974690067,168.51188983561613,92.45866972636263,14.00893989936623,93.56831796746178,0.0,75.49181020144873,0.5003400301959375,0.12751444656310978,0.8534042593281298
"HCM, untreated",0.19153846153846157,26.47299872377741,168.2597144308144,92.48165571446663,14.020545770775287,91.18600079160144,0.0,75.23094271159816,0.4989365718107173,0.1277586387727476,0.8467603285007244
"HCM, untreated",0.19384615384615386,26.26525034446298,167.95851773042367,92.50144314109816,14.032153087711343,88.87408036268543,0.0,74.92383010714939,0.49746161696533797,0.12803947867284274,0.8400675444659054
"HCM, untreated",0.19615384615384615,26.062758681476367,167.60899533970317,92.51812973930973,14.043761384113141,86.62971530896002,0.0,74.57108730853969,0.4959155084046083,0.1283564429999955,0.8333307991780611
"HCM, untreated",0.19846153846153847,25.86537101637945,167.21183709156006,92.5318093301852,14.055370208153713,84.45016782732795,0.0,74.1733267544109,0.49429854286261105,0.12870906337948912,0.826554802528455
"HCM, untreated",0.20076923076923078,25.67294083264019,166.76772609519048,92.542571966062,14.066979121670297,82.33280014135285,0.0,73.73115732828037,0.49261097676639826,0.1290969236506351,0.8197440877962425
"HCM, untreated",0.2030769230769231,25.485327588924438,166.27733807085932,92.55050406873481,14.078587699615092,80.27507092421811,0.0,73.24518357657921,0.4908530318043565,0.12951965727821071,0.8129030169516267
"HCM, untreated",0.2053846153846154,25.302396500665267,165.74134095093726,92.55568856261226,14.090195529526259,78.27453170460407,0.0,72.71600519809739,0.4890249003708878,0.12997694484423197,0.8060357858149393
"HCM, untreated",0.2076923076923077,25.124018329931648,165.1603947277624,92.55820500282053,14.101802211018232,76.328823270279,0.0,72.14421678532018,0.48712675089709667,0.13046851161436987,0.7991464290753463
"HCM, untreated",0.21000000000000002,24.95006918358741,164.5351515294257,92.55812969826574,14.113407355290722,74.43567208132774,0.0,71.53040779867199,0.48515873307532914,0.1309941251734089,0.792238825172783
"HCM, untreated",0.21230769230769234,24.78043031970708,163.86625590512804,92.55553582968138,14.125010584655639,72.59288670229532,0.0,70.87516275523289,0.48312098298365497,0.13155359312426199,0.7853167010466323
"HCM, untreated",0.21461538461538465,24.614987962196587,163.1543453023524,92.55049356269778,14.136611532081144,70.7983542601084,0.0,70.17906161409395,0.48101362811471987,0.13214676084519078,0.7783836367545769
"HCM, untreated",0.21692307692307694,24.453633123553587,162.400050718699,92.5430701559789,14.148209840752154,69.05003693239526,0.0,69.44268034112574,0.4788367923118101,0.13277350930003357,0.771443069964968
"HCM, untreated",0.21923076923076926,24.296261435693957,161.60399751184949,92.53333006447549,14.159805163646514,67.34596846874338,0.0,68.66659163656152,0.4765906006134617,0.13343375289641213,0.7644983003259733
"HCM, untreated",0.22153846153846155,24.14277298876741,160.76680635174503,92.52133503784687,14.171397163126192,65.68425074546839,0.0,67.85136580942537,0.4742751840065137,0.1341274373870706,0.7575524937146826
"HCM, untreated",0.22384615384615386,23.993072177886038,159.88909429968248,92.50714421410197,14.182985510542705,64.0630503525897,0.0,66.997571783465,0.4718906840861394,0.1348545378096924,0.7506086863692721
"HCM, untreated",0.22615384615384615,23.847067557694764,158.97147599965612,92.49081420850803,14.194569885856108,62.48059520988566,0.0,66.10577821988878,0.4694372576201035,0.13561505646074273,0.7436697889072539
"HCM, untreated",0.22846153846153847,23.704671704721875,158.01456496788245,92.47239919780914,14.20614997726684,60.935171207086995,0.0,65.1765547428308,0.46691508101327645,0.13640902089909293,0.7367385902327553
"HCM, untreated",0.23076923076923078,23.565801087461463,157.0189749670719,92.45195099978937,14.217725480859773,59.42511886143665,0.0,64.2104732541139,0.4643243546673003,0.13723648197539415,0.7298177613357104
"HCM, untreated",0.2330769230769231,23.4303759441573,155.98532145262698,92.42951914820434,14.22929610025969,57.948829983933834,0.0,63.20810932451904,0.4616653072292475,0.13809751188338326,0.7229098589857587
"HCM, untreated",0.23538461538461541,23.298320168280068,154.91422307858173,92.40515096309193,14.240861546297578,56.50474434355738,0.0,62.17004364942845,0.4589381997221405,0.13899220222951716,0.7160173293235946
"HCM, untreated",0.2376923076923077,23.169561201717038,153.80630325174576,92.37889161645727,14.252421536687041,55.09134631655782,0.0,61.09686355738915,0.45614332954932674,0.13992066211754228,0.7091425113524261
"HCM, untreated",0.24000000000000002,23.044029935725916,152.6621917231877,92.35078419330732,14.26397579571011,53.70716150545501,0.0,59.98916456084764,0.45328103436391687,0.14088301624481145,0.7022876403321476
"HCM, untreated",0.24230769230769234,22.92166061974311,151.4825262069034,92.32086974798821,14.275524053911793,52.35075330959819,0.0,58.847551939057595,0.4503516957938201,0.14187940300735633,0.6954548510787593
"HCM, untreated",0.24461538461538465,22.802390778182165,150.26795401626472,92.28918735575171,14.287066047802663,51.020719425932114,0.0,57.672642343957435,0.447355743012337,0.1429099726109071,0.6886461811715016
"HCM, untreated",0.24692307692307694,22.68616113541163,149.01913370966938,92.25577415944562,14.298601519568722,49.71568825485552,0.0,56.46506542069462,0.44429365614381683,0.14397488518521886,0.6818635740701222
"HCM, untreated",0.24923076923076926,22.572915549164602,147.73673673769702,92.2206654111865,14.310130216787892,48.434315181585625,0.0,55.225465435421,0.4411659694935523,0.14507430889921094,0.675108882144616
"HCM, untreated",0.25153846153846154,22.462600952706374,146.42144908507942,92.18389450882896,14.321651892152293,47.17527869808271,0.0,53.954502904061975,0.4379732745908758,0.14620841807454613,0.6683838696197342
"HCM, untreated",0.2538461538461539,22.355167306174643,145.07397290190437,92.14549302699506,14.333166303195586,45.93727632407863,0.0,52.652856216964864,0.4347162230343461,0.14737739129536556,0.6616902154364939
"HCM, untreated",0.2561538461538462,22.250567557611166,143.6950281197432,92.1054907423656,14.344673212024485,44.719020277785305,0.0,51.32122325571088,0.43139552912797435,0.14858140951194382,0.6550295160328652
"HCM, untreated",0.2584615384615385,22.148757614328844,142.2853540498527,92.06391565286245,14.356172385053668,43.519232837023175,0.0,49.960322999968135,0.42801197229763993,0.1498206541360292,0.6484032880457588
"HCM, untreated",0.2607692307692308,22.049696325408497,140.84571096229536,92.02079399026265,14.367663592743002,42.336641319263286,0.0,48.570897124117145,0.42456639927719186,0.1510953051255754,0.6418129709363823
"HCM, untreated",0.2630769230769231,21.953345476301724,139.3768816468142,91.9761502256793,14.379146609336232,41.16997259371529,0.0,47.15371158557262,0.4210597260542241,0.1524055390564376,0.6352599295409849
"HCM, untreated",0.26538461538461544,21.85966979673815,137.8796729586561,91.93000706721374,14.3906212125999,40.0179470191621,0.0,45.7095582093274,0.4174929395661562,0.1537515271783851,0.628745456548953
"HCM, untreated",0.2676923076923077,21.76863698340819,136.3549173553631,91.8823854489245,14.402087183561344,38.87927167646609,0.0,44.23925627637983,0.4138670991380455,0.15513343345244693,0.6222707749101786
"HCM, untreated",0.27,21.68021773923003,134.80347443397517,91.83330451006121,14.413544306244393,37.752632732808166,0.0,42.74365412751712,0.4101833376545055,0.15655141256613617,0.6158370401735631
"HCM, untreated",0.2723076923076923,21.59438583143122,133.22623248228453,91.78278156326489,14.424992367401233,36.63668673337622,0.0,41.22363079861938,0.40644286245921113,0.1580056079224511,0.6094453427584865
"HCM, untreated",0.2746153846153846,21.511118171206302,131.62411006297185,91.73083205012556,14.436431156238683,35.53005056204798,0.0,39.680097709474005,0.4026469559767358,0.1594961495976851,0.6030967101610073
"HCM, untreated",0.27692307692307694,21.43039491838715,129.99805765597267,91.67746948209351,14.447860464136927,34.43128974091961,0.0,38.11400043543365,0.3987969760528956,0.16102315226193006,0.5967921090965336
"HCM, untreated",0.2792307692307692,21.35219961542981,128.3490593927106,91.6227053642333,14.45928008435824,33.3389046425972,0.0,36.5263206006217,0.39489435601137723,0.16258671305464958,0.5905324475806468
"HCM, untreated",0.28153846153846157,21.27651935614705,126.67813492649385,91.56654909865094,14.47068981174309,32.25131405925081,0.0,34.91807794348741,0.39094060442621326,0.16418690940571778,0.5843185769497232
"HCM, untreated",0.28384615384615386,21.203344996093588,124.98634149732148,91.50900786356073,14.482089442390214,31.166835394231956,0.0,33.29033262139537,0.3869373046116594,0.1658237967897179,0.5781512938229576
"HCM, untreated",0.28615384615384615,21.132671413475215,123.27477626783042,91.45008646280804,14.49347877331674,30.083660494145537,0.0,31.644187842057498,0.3828861138332548,0.1674974063978627,0.5720313420073504
"HCM, untreated",0.2884615384615385,21.064497832099836,121.54457903205157,91.38978713911584,14.50485760209355,28.999825789049495,0.0,29.980792938201446,0.37878876224635255,0.1692077427073421,0.5659594143471799
"HCM, untreated",0.2907692307692308,20.99882822150791,119.79693543281266,91.32810934220296,14.516225726449806,27.913174905234943,0.0,28.301347041178282,0.37464705157127076,0.17095478092179864,0.5599361545194469
"HCM, untreated",0.2930769230769231,20.935671794450617,118.03308087134982,91.265049439977,14.527582943839231,26.821311178332625,0.0,26.607103564302825,0.37046285351753794,0.17273846424836545,0.5539621587767318
"HCM, untreated",0.2953846153846154,20.8750436290036,116.25430536064864,91.20060035683396,14.53892905095858,25.72153639327831,0.0,24.899375785455018,0.36623810797366474,0.17455870096535323,0.548037977638882
"HCM, untreated",0.2976923076923077,20.81696545288454,114.46195967292019,91.13475111707444,14.55026384320593,24.61077039287567,0.0,23.179543933488496,0.361974820983728,0.17641536121885487,0.5421641175348942
"HCM, untreated",0.30000000000000004,20.7614666427259,112.65746327896623,91.06748626254898,14.561587114062721,23.485443550671327,0.0,21.449064355113226,0.35767506253821674,0.17830827346407482,0.5363410423963383
"HCM, untreated",0.30230769230769233,20.708585514059173,110.84231480265683,90.99878510016104,14.572898654377804,22.341349822889065,0.0,19.70948160355846,0.3533409642147316,0.1802372204346196,0.5305691752036219
"HCM, untreated",0.3046153846153846,20.658371013657103,109.01810606930039,90.92862071381514,14.584198251523814,21.173440928456074,0.0,17.962444709914518,0.3489747167153475,0.18220193447458397,0.5248488994863695
"HCM, untreated",0.30692307692307697,20.610884983795035,107.18654140696508,90.85695864143553,14.595485688384306,19.9755297303676,0.0,16.209729587147347,0.3445785673636135,0.18420209199426332,0.519180560779154
"HCM, untreated",0.30923076923076925,20.566205265210325,105.34946484563054,90.7837550606578,14.606760742111428,18.73984814606654,0.0,14.453270696096341,0.34015481764857636,0.18623730669333513,0.5135644680337883
"HCM, untreated",0.3115384615384616,20.524430076558392,103.50889961497813,90.70895422645857,14.618023182564135,17.4563611079723,0.0,12.695207221871728,0.335705820941979,0.1883071210029457,0.5080008949893526
"HCM, untreated",0.3138461538461539,20.48568442652912,101.66710765297532,90.63248471715872,14.629272770286738,16.11164793093944,0.0,10.937953048230964,0.33123398057980874,0.19041099486623478,0.5024900815011043
"HCM, untreated",0.3161538461538462,20.45012995038363,99.82668353770946,90.55425367214777,14.640509253797678,14.686960918752906,0.0,9.18430810004917,0.3267417486155629,0.1925482903697028,0.4970322348293862
"HCM, untreated",0.3184615384615385,20.417980949776204,97.99071208313072,90.4741373902561,14.651732365785895,13.15457049752563,0.0,7.437647269893402,0.3222316257766292,0.19471824954181333,0.49162753088962274
"HCM, untreated",0.3207692307692308,20.38953282139197,96.16305579371281,90.39196465700245,14.662941817446924,11.470074556377188,0.0,5.70227069069831,0.3177061636312889,0.19691996003867387,0.48627611546446337
"HCM, untreated",0.32307692307692315,20.36521894303847,94.34894726467293,90.30748336313665,14.674137289308614,9.553341000688507,0.0,3.984144278690296,0.3131679711295156,0.19915229698814166,0.4809781053791047
"HCM, untreated",0.3253846153846154,20.345749244184237,92.55647806130807,90.22027914202927,14.685318414291068,7.22670128605719,0.0,2.292963173578688,0.30861973110539676,0.20141380965073705,0.4757335896408018
"HCM, untreated",0.32769230769230767,20.332585005534664,90.80186216349776,90.12949642637565,14.696484737975116,3.925311376083759,0.0,0.6791280120848272,0.3040642465065227,0.20370243785079578,0.47054263054354395
"HCM, untreated",0.33,20.328163182901925,89.11086380053426,90.03370742223967,14.707635613286044,0.4898930185079921,0.0,0.010591870664331392,0.299504572336822,0.2060147357735332,0.46540526473885435
"HCM, untreated",0.3323076923076923,20.32782206069086,87.4253279569439,89.93565949022947,14.718770453727938,0.010758768030400902,0.0,5.1090362375526735e-06,0.29494367789312165,0.20834817260778202,0.4603215042736418
"HCM, untreated",0.33461538461538465,20.32781669691504,85.70409013672926,89.83755665914119,14.729889132169664,5.187981164986806e-05,0.0,1.1879861142969554e-10,0.29038389885848787,0.21070412455400075,0.4552913375960119
"HCM, untreated",0.33692307692307694,20.327816671776894,83.94806693390032,89.73959314977587,14.740991664906943,2.0647925248797184e-07,0.0,1.881773831483981e-15,0.28582733153209816,0.21308478224179844,0.45031473052992044
"HCM, untreated",0.3392307692307692,20.327816671677922,82.16170542238949,89.64177188139921,14.752078075329562,7.42103892157008e-10,0.0,2.4307707682517453e-20,0.28127601907054806,0.21549196972928822,0.44539162721952885
"HCM, untreated",0.34153846153846157,20.32781667167757,80.34915547289589,89.54409266211047,14.763148386848975,0.0,0.0,0.0,0.27673197228152724,0.2179271356851373,0.44052195104410063
"HCM, untreated",0.34384615384615386,20.32781667167757,78.51424367386994,89.44655528569373,14.774202622842871,0.0,0.0,0.0,0.2721971779847587,0.22039140017662898,0.4357056055042544
"HCM, untreated",0.34615384615384615,20.32781667167757,76.66050504255865,89.34915954617497,14.785240806654999,0.0,0.0,0.0,0.2676736043474736,0.22288559561433421,0.43094247508036765
"HCM, untreated",0.3484615384615385,20.32781667167757,74.79121124592119,89.25190523787909,14.7962629615952,0.0,0.0,0.0,0.2631632038672978,0.22541030221611877,0.426232426063907
"HCM, untreated",0.3507692307692308,20.32781667167757,72.90939550087589,89.15479215542962,14.807269110939473,0.0,0.0,0.0,0.2586679145018337,0.22796587873032007,0.4215753073624393
"HCM, untreated",0.3530769230769231,20.32781667167757,71.01787455495406,89.05782009374836,14.818259277930016,0.0,0.0,0.0,0.25418965935629795,0.23055248906399592,0.4169709512790548
"HCM, untreated",0.3553846153846154,20.32781667167757,69.11926810125276,88.96098884805491,14.829233485775273,0.0,0.0,0.0,0.2497303452676668,0.23317012537765394,0.41241917426692354
"HCM, untreated",0.3576923076923077,20.32781667167757,67.21601593890952,88.86429821386622,14.840191757649992,0.0,0.0,0.0,0.24529186056318997,0.23581862813373483,0.40791977765967546
"HCM, untreated",0.36000000000000004,20.32781667167757,65.31039315272653,88.76774798699617,14.851134116695262,0.0,0.0,0.0,0.2408760722208158,0.2384977035212658,0.40347254837828717
"HCM, untreated",0.36230769230769233,20.32781667167757,63.40452355250503,88.67133796355516,14.862060586018577,0.0,0.0,0.0,0.23648482261730897,0.24120693862249493,0.3990772596151352
"HCM, untreated",0.3646153846153847,20.32781667167757,61.50039158361391,88.57506793994966,14.872971188693867,0.0,0.0,0.0,0.23211992601520573,0.24394581463800508,0.39473367149585614
"HCM, untreated",0.36692307692307696,20.32781667167757,59.59985289482621,88.4789377128818,14.883865947761558,0.0,0.0,0.0,0.227783164911037,0.24671371844391798,0.3904415317196458
"HCM, untreated",0.36923076923076925,20.32781667167757,57.70464372710021,88.3829470793489,14.89474488622862,0.0,0.0,0.0,0.223476286343453,0.2495099527175386,0.38620057617860115
"HCM, untreated",0.3715384615384616,20.32781667167757,55.816389267358474,88.28709583664306,14.905608027068615,0.0,0.0,0.0,0.21920099824017023,0.2523337448354556,0.38201052955670467
"HCM, untreated",0.3738461538461539,20.32781667167757,53.9366110940982,88.19138378235077,14.916455393221742,0.0,0.0,0.0,0.2149589658663339,0.25518425472007183,0.3778711059090263
"HCM, untreated",0.3761538461538462,20.32781667167757,52.066733826539476,88.09581071435242,14.927287007594888,0.0,0.0,0.0,0.2107518084233699,0.2580605817862321,0.37378200922170657
"HCM, untreated",0.3784615384615385,20.32781667167757,50.20809107572192,88.00037643082193,14.938102893061677,0.0,0.0,0.0,0.20658109583620737,0.2609617711185607,0.36974293395327096
"HCM, untreated",0.3807692307692308,20.32781667167757,48.36193078426002,87.90508073022627,14.948903072462517,0.0,0.0,0.0,0.2024483457574892,0.263886818991879,0.365753565557806
"HCM, untreated",0.38307692307692315,20.32781667167757,46.52942003116297,87.8099234113251,14.959687568604652,0.0,0.0,0.0,0.19835502080972242,0.2668346778312775,0.3618135809905214
"HCM, untreated",0.3853846153846154,20.32781667167757,44.7116493690349,87.71490427317026,14.9704564042622,0.0,0.0,0.0,0.19430252607998014,0.26980426069473934,0.3579226491962
"HCM, untreated",0.3876923076923077,20.32781667167757,42.90963675294909,87.62002311510544,14.981209602176213,0.0,0.0,0.0,0.19029220687652681,0.27279444534936254,0.35408043158102975
"HCM, untreated",0.39,20.32781667167757,41.12433111319551,87.52527973676567,14.99194718505472,0.0,0.0,0.0,0.18632534675241083,0.27580407800197115,0.3502865824682988
"HCM, untreated",0.3923076923076923,20.32781667167757,39.356615617826016,87.43067393807696,15.002669175572773,0.0,0.0,0.0,0.18240316579750132,0.2788319767360182,0.34654074953841685
"HCM, untreated",0.39461538461538465,20.32781667167757,37.6073106653612,87.33620551925584,15.0133755963725,0.0,0.0,0.0,0.17852681919751057,0.2818769346989876,0.34284257425372017
"HCM, untreated",0.39692307692307693,20.32781667167757,35.87717664309381,87.24187428080896,15.024066470063149,0.0,0.0,0.0,0.17469739605613527,0.284937723077834,0.33919169226850177
"HCM, untreated",0.3992307692307692,20.32781667167757,34.16691648205086,87.14768002353266,15.034741819221127,0.0,0.0,0.0,0.17091591847448454,0.28801309389422725,0.3355877338246952
"HCM, untreated",0.40153846153846157,20.32781667167757,32.47717803579262,87.05362254851254,15.045401666390074,0.0,0.0,0.0,0.16718334088036546,0.2911017826463655,0.33203032413363376
"HCM, untreated",0.40384615384615385,20.32781667167757,30.808556306779273,86.95970165712306,15.056046034080882,0.0,0.0,0.0,0.16350054959871327,0.2942025108197918,0.32851908374429134
"HCM, untreated",0.4061538461538462,20.32781667167757,29.16159554097184,86.8659171510271,15.066674944771757,0.0,0.0,0.0,0.15986836265343046,0.29731398828590266,0.32505362889840056
"HCM, untreated",0.4084615384615385,20.32781667167757,27.536791208613415,86.77226883217557,15.077288420908266,0.0,0.0,0.0,0.15628752979010063,0.30043491560359586,0.3216335718728371
"HCM, untreated",0.4107692307692308,20.32781667167757,25.93459188671992,86.67875650280695,15.087886484903375,0.0,0.0,0.0,0.15275873270843218,0.303563986236706,0.31825852130964294
"HCM, untreated",0.4130769230769231,20.32781667167757,24.355401056665666,86.5853799654469,15.098469159137514,0.0,0.0,0.0,0.14928258549283926,0.3066998886974604,0.3149280825340562
"HCM, untreated",0.4153846153846154,20.327816671677756,22.79957882834881,86.49213902290786,15.109036465958592,0.0,3.67933756842626e-10,0.0,0.14585963522925638,0.3098413086241077,0.31164185786090326
"HCM, untreated",0.41769230769230775,20.327816671709606,21.267443600948187,86.39903347828859,15.119588427679986,0.0,6.295613815677677e-08,0.0,0.14249036279609256,0.3129869307990819,0.3083994468896971
"HCM, untreated",0.42000000000000004,20.327816676790928,19.7592737018301,86.30606313497371,15.130125066250253,0.0,9.944682756644542e-06,0.0,0.13917518381717445,0.3161354411121384,0.3052004467887821
"HCM, untreated",0.42230769230769233,20.327817424871643,18.27531381488257,86.21322779662466,15.14064635472443,0.0,0.0014489979673393083,0.0,0.13591444976934935,0.31928552841202107,0.30204445256884993
"HCM, untreated",0.4246153846153847,20.327918772690897,16.816424788635167,86.1205272659659,15.15114565834447,0.0,0.19381596298361264,0.0,0.13270844989440136,0.32243587791482764,0.298931057346147
"HCM, untreated",0.42692307692307696,20.338139694198976,15.447705876699416,86.02796119548515,15.16095508489842,0.0,16.266613221553484,0.0,0.12955749306445835,0.3255841408716068,0.29585985259568404
"HCM, untreated",0.4292307692307693,20.466245399197174,14.845075223654606,85.93552506206602,15.16289079968604,0.0,67.85096421060872,0.0,0.12646403570311784,0.32869979795305565,0.2928304283947466
"HCM, untreated",0.4315384615384616,20.672326802642665,14.686500865169121,85.84320791032037,15.159614649987514,0.0,88.2419778033066,0.0,0.12343369757975303,0.33171328073711387,0.28984237365700516
"HCM, untreated",0.4338461538461539,20.901550415888185,14.601445668872067,85.75100535688968,15.154782698493289,0.0,99.56235790539525,0.0,0.12046842566540947,0.3346078539650015,0.28689527635750356
"HCM, untreated",0.4361538461538462,21.14662491485089,14.543570558759987,85.65891583546293,15.148881210990806,0.0,107.12682056287585,0.0,0.11756850946166825,0.3373873916654467,0.28398872374881046
"HCM, untreated",0.4384615384615385,21.404713404221337,14.497017442300896,85.56693806118663,15.142099459450758,0.0,113.02147369186942,0.0,0.11473391142599414,0.3400571330650691,0.28112230256859905
"HCM, untreated",0.4407692307692308,21.67440405874391,14.455489525057372,85.47507085841481,15.134531698796728,0.0,118.12017712703133,0.0,0.1119643822114211,0.34262240736267796,0.2782955992389186
"HCM, untreated",0.4430769230769231,21.954859704906845,14.416408522016942,85.3833131173069,15.126233866378097,0.0,122.78928753763853,0.0,0.10925950643838646,0.345088348089039,0.2755082000574154
"HCM, untreated",0.4453846153846154,22.24549088031242,14.378706729942602,85.29166377767775,15.117245379842359,0.0,127.18175376204945,0.0,0.10661873154576425,0.34745981375724244,0.27275969138074907
"HCM, untreated",0.4476923076923077,22.545820440836685,14.341932853501802,85.2001218216727,15.107598164154648,0.0,131.3620236738988,0.0,0.10404138961672506,0.3497413726247228,0.27004965980044726
"HCM, untreated",0.45,22.855426481093783,14.305885419774105,85.10868626986993,15.097320457341821,0.0,135.35861967114562,0.0,0.10152671528407968,0.35193731037775156,0.2673776923114334
"HCM, untreated",0.4523076923076923,23.173918181981502,14.270463549160633,85.01735617883365,15.08643842093342,0.0,139.18586219174915,0.0,0.09907386099187508,0.3540516459195214,0.2647433764734548
"HCM, untreated",0.45461538461538464,23.500925526953054,14.235607242480421,84.9261306393175,15.074976825747147,0.0,142.85260084809173,0.0,0.09668191024340085,0.3560881494406669,0.262146300565636
"HCM, untreated",0.45692307692307693,23.83609479033861,14.201274001763638,84.83500877478147,15.062959352835525,0.0,146.36559429070653,0.0,0.09434988920036919,0.35805036044997246,0.25958605373436977
"HCM, untreated",0.4592307692307693,24.17908638072379,14.167429842288195,84.74398974007717,15.050408737409668,0.0,149.73075553771102,0.0,0.09207677687718933,0.35994160488163596,0.2570622261347584
"HCM, untreated",0.46153846153846156,24.52957362582265,14.134045830746144,84.65307272023925,15.03734684998471,0.0,152.95358145600818,0.0,0.08986151411326629,0.3617650109941204,0.2545744090658079
"HCM, untreated",0.4638461538461539,24.887241931358687,14.101096675584852,84.56225692935526,15.023794752582491,0.0,156.03928767974156,0.0,0.08770301147147073,0.36352352401967164,0.2521221950995749
"HCM, untreated",0.4661538461538462,25.251788094472893,14.06856005835573,84.47154160950075,15.009772744625057,0.0,158.99284570365168,0.0,0.0856001561882341,0.3652199196173803,0.24970517820445717
"HCM, untreated",0.46846153846153854,25.62291969026135,14.036416231856672,84.38092602973286,14.995300403946183,0.0,161.81899207076782,0.0,0.08355181828402332,0.3668568162140046,0.24732295386281702
"HCM, untreated",0.47076923076923083,26.000354502493497,14.004647721211658,84.29040948513762,14.980396624851503,0.0,164.5222324113095,0.0,0.08155685592956786,0.3684366863231323,0.2449751191831187
"HCM, untreated",0.47307692307692306,26.383819988476212,13.973239073641464,84.19999129592738,14.965079653896483,0.0,167.10684660314686,0.0,0.0796141201519414,0.369961866930267,0.2426612730067575
"HCM, untreated",0.4753846153846154,26.77305277441866,13.942176639246966,84.10967080658538,14.949367123625745,0.0,169.57689605234106,0.0,0.07772245895486153,0.37143456902534994,0.2403810160097521
"HCM, untreated",0.4776923076923077,27.1677981796114,13.911448376496766,84.0194473850545,14.933276084386396,0.0,171.93623266838668,0.0,0.0758807209190561,0.37285688635747555,0.23813395079946773
"HCM, untreated",0.48000000000000004,27.567809768233325,13.881043679328544,83.92932042196756,14.91682303429479,0.0,174.18850889306736,0.0,0.07408775834105638,0.3742308034799822,0.23591968200653277
"HCM, untreated",0.4823076923076923,27.972848927668203,13.850953223580078,83.83928932991665,14.900023947431565,0.0,176.337188246869,0.0,0.07234242996217635,0.3755582031479747,0.23373781637210642
"HCM, untreated",0.48461538461538467,28.382684472184142,13.821168830679111,83.74935354275921,14.882894300341679,0.0,178.3855560073985,0.0,0.07064360333360857,0.37684087312472037,0.23158796283065028
"HCM, untreated",0.4869230769230769,28.79709227079849,13.791683346632537,83.65951251495837,14.865449096918153,0.0,180.33672976226023,0.0,0.06899015685841725,0.37808051244824714,0.22946973258835457
"HCM, untreated",0.4892307692307693,29.215854898139945,13.762490534496642,83.56976572095566,14.847702891749032,0.0,182.19366967144552,0.0,0.06738098154665448,0.379278737204822,0.22738273919736193
"HCM, untreated",0.49153846153846154,29.638761307128007,13.733584978673232,83.48011265457403,14.829669812006411,0.0,183.95918833929167,0.0,0.06581498251579472,0.3804370858517694,0.225326598625931
"HCM, untreated",0.4938461538461539,30.065606522313118,13.704961999554046,83.39055282844916,14.811363577954886,0.0,185.6359602398228,0.0,0.06429108026511449,0.3815570241282564,0.22330092932467416
"HCM, untreated",0.49615384615384617,30.496191352753694,13.676617577214161,83.30108577348737,14.79279752215452,0.0,187.22653066806637,0.0,0.06280821174948142,0.38263994958919784,0.22130535228900594
"HCM, untreated",0.4984615384615385,30.930322123345857,13.648548283016254,83.21171103834853,14.773984607430778,0.0,188.73332420977417,0.0,0.06136533127521442,0.383687195794278,0.2193394911179265
"HCM, untreated",0.5007692307692307,31.36781042356433,13.620751218142656,83.12242818895209,14.754937443681143,0.0,190.15865273362417,0.0,0.05996141123818944,0.3847000361812231,0.21740297206926865
"HCM, untreated",0.5030769230769231,31.808472872618225,13.593223958203323,83.03323680800509,14.735668303584877,0.0,191.50472291812565,0.0,0.05859544272215904,0.3856796876498621,0.21549542411152872
"HCM, untreated",0.5053846153846154,32.252130900070554,13.565964503186855,82.94413649455046,14.716189137279578,0.0,192.77364332988978,0.0,0.057266435973293735,0.3866273138811531,0.21361647897239905
"HCM, untreated",0.5076923076923078,32.69861054101564,13.538971232121652,82.85512686353441,14.696511586065059,0.0,193.96743107280363,0.0,0.055973420765211924,0.3875440284132133,0.2117657711841177
"HCM, untreated",0.51,33.14774224495272,13.512242861904204,82.76620754539157,14.676646995192108,0.0,195.0880180285219,0.0,0.05471544666721713,0.38843089749444315,0.20994293812574513
"HCM, untreated",0.5123076923076924,33.59936069753716,13.485778409825755,82.67737818564682,14.656606425790882,0.0,196.13725670918703,0.0,0.05349158322708438,0.38928894273207276,0.20814762006247745
"HCM, untreated",0.5146153846153846,34.05330465443207,13.459577159391506,82.58863844453265,14.63640066599083,0.0,197.11692574326673,0.0,0.052300920078512156,0.39011914355284943,0.20637946018210013
"HCM, untreated",0.516923076923077,34.50941678652293,13.43363862908465,82.49998799662093,14.616040241281432,0.0,198.02873501427283,0.0,0.05114256698226528,0.3909224394911298,0.20463810462868412
"HCM, untreated",0.5192307692307693,34.967543535796,13.407962543770939,82.41142653046823,14.595535424160536,0.0,198.87433047189273,0.0,0.05001565380906226,0.39169973231831196,0.2029232025336236
"HCM, untreated",0.5215384615384616,35.427534981217306,13.382548808481829,82.32295374827372,14.574896243114491,0.0,199.65529863371074,0.0,0.04891933047139431,0.3924518880263369,0.2012344060441102
"HCM, untreated",0.5238461538461539,35.88924471398393,13.357397484346867,82.2345693655488,14.554132490972206,0.0,200.3731707950116,0.0,0.047852766810690936,0.39317973867689143,0.19957137034913805
"HCM, untreated",0.5261538461538462,36.35252972155169,13.33250876647659,82.14627311079764,14.53325373267282,0.0,201.02942696289682,0.0,0.04681515244555794,0.39388408412694603,0.19793375370312896
"HCM, untreated",0.5284615384615385,36.81725027987463,13.307882963619683,82.05806472520797,14.512269312484786,0.0,201.625499530409,0.0,0.04580569658619862,0.394565693640351,0.19632121744726566
"HCM, untreated",0.5307692307692309,37.28326985332132,13.283520479442872,81.96994396235121,14.491188360712108,0.0,202.16277670487588,0.0,0.04482362781958,0.3952253073943869,0.19473342602861837
"HCM, untreated",0.5330769230769231,37.750455001760656,13.259421795296516,81.8819105878915,14.470019799921586,0.0,202.64260570442423,0.0,0.04386819386941529,0.39586363788941087,0.19317004701714613
"HCM, untreated",0.5353846153846153,38.21867529433649,13.235587454347671,81.7939643793029,14.448772350723237,0.0,203.06629573530816,0.0,0.042938661334595514,0.39648137126905214,0.19163075112065447
"HCM, untreated",0.5376923076923077,38.687803229475584,13.212018046974018,81.70610512559429,14.427454537134274,0.0,203.43512076221333,0.0,0.04203431540931132,0.39707916855778336,0.19011521219778524
"HCM, untreated",0.54,39.157714160697,13.188714197324146,81.61833262704116,14.406074691555538,0.0,203.75032208294076,0.0,0.04115445958775548,0.39765766682212333,0.18862310726911558
"HCM, untreated",0.5423076923076924,39.62828622781381,13.165676550960375,81.53064669492424,14.384640959387665,0.0,204.0131107180785,0.0,0.04029841535598309,0.39821748026120485,0.18715411652643693
"HCM, untreated",0.5446153846153846,40.0994002931392,13.142905763507509,81.44304715127413,14.363161303312987,0.0,204.22466962594018,0.0,0.0394655218732256,0.3987592012319649,0.18570792334028724
"HCM, untreated",0.546923076923077,40.5709398823296,13.120402490239933,81.35553382862162,14.341643507267579,0.0,204.38615575218776,0.0,0.03865513564470379,0.3992834012137811,0.18428421426580224
"HCM, untreated",0.5492307692307692,41.042791129516736,13.098167376545199,81.26810656975339,14.320095180126835,0.0,204.49870192322723,0.0,0.03786663018775938,0.3997906317169804,0.18288267904695532
"HCM, untreated",0.5515384615384616,41.514842726398854,13.076201049207425,81.18076522747262,14.298523759126512,0.0,204.56341859201316,0.0,0.037099395692923635,0.40028142513928494,0.1815030106192471
"HCM, untreated",0.5538461538461539,41.98698587497891,13.05450410846028,81.09350966436422,14.276936513040125,0.0,204.58139544423955,0.0,0.036352838681360286,0.4007562955739271,0.18014490511091077
"HCM, untreated",0.5561538461538462,42.45911424365446,13.033077120761515,81.00633975256434,14.255340545132409,0.0,204.55370287281642,0.0,0.03562638165995838,0.40121573957286566,0.17880806184268988
"HCM, untreated",0.5584615384615385,42.931123926379485,13.011920612246643,80.91925537353393,14.233742795907522,0.0,204.48139332784817,0.0,0.03491946277520511,0.4016602368682553,0.17749218332625122
"HCM, untreated",0.5607692307692308,43.402913404634226,12.991035062821698,80.83225641783598,14.212150045669642,0.0,204.36550254913743,0.0,0.034231535466838575,0.4020902510550714,0.17619697526128594
"HCM, untreated",0.5630769230769231,43.8743835119531,12.970420900857485,80.74534278491637,14.190568916912603,0.0,204.2070506879744,0.0,0.03356206812216352,0.40250623023755827,0.17492214653135713
"HCM, untreated",0.5653846153846155,44.34543740077526,12.950078498451507,80.65851438288794,14.169005876554348,0.0,204.0070433244652,0.0,0.032910543731808135,0.402908607641959,0.17366740919854481
"HCM, untreated",0.5676923076923077,44.81598051139537,12.930008167224797,80.57177112831769,14.14746723803097,0.0,203.76647238656432,0.0,0.032276459547606044,0.40329780219779016,0.17243247849694165
"HCM, untreated",0.5700000000000001,45.28592054280522,12.910210154623195,80.48511294601688,14.125959163264405,0.0,203.4863169766603,0.0,0.031659326743203126,0.40367421908974677,0.17121707282504817
"HCM, untreated",0.5723076923076923,45.75516742522911,12.890684640695058,80.39853976883396,14.104487664516878,0.0,203.16754411119624,0.0,0.031058670077912943,0.4040382502821619,0.17002091373711753
"HCM, untreated",0.5746153846153847,46.223633294167655,12.871431735317257,80.31205153744997,14.083058606144494,0.0,202.81110937884569,0.0,0.03047402756427678,0.40439027501779423,0.1688437259334945
"HCM, untreated",0.576923076923077,46.69123246577621,12.852451475844923,80.22564820017669,14.061677706261559,0.0,202.41795752218826,0.0,0.029904950139722955,0.40473066029258215,0.1676852372499973
"HCM, untreated",0.5792307692307693,47.15788141341499,12.833743825159713,80.13932971275683,14.040350538326559,0.0,201.98902294793615,0.0,0.029351001342665644,0.40505976130787685,0.1665451786463819
"HCM, untreated",0.5815384615384616,47.62349874521837,12.81530867009315,80.05309603816683,14.019082532659866,0.0,201.52523017043896,0.0,0.028811756993334027,0.4053779219015528,0.16542328419393665
"HCM, untreated",0.5838461538461539,48.088005182541224,12.797145820203665,79.96694714642159,13.997878977902806,0.0,201.02749419286465,0.0,0.028286804879578756,0.40568547495928803,0.16431929106224297
"HCM, untreated",0.5861538461538462,48.551323539149664,12.779255006884528,79.88088301438152,13.976745022426782,0.0,200.49672083061702,0.0,0.027775744447863016,0.40598274280721114,0.163232939505147
"HCM, untreated",0.5884615384615386,49.01337870103306,12.761635882783553,79.79490362556156,13.955685675700819,0.0,199.9338069809569,0.0,0.027278186499610217,0.4062700375870223,0.16216397284597647
"HCM, untreated",0.5907692307692308,49.47409760672309,12.744288021513627,79.70900896994216,13.934705809625017,0.0,199.3396408430091,0.0,0.026793752893048466,0.40654766161461536,0.1611121374620435
"HCM, untreated",0.5930769230769231,49.93340922801437,12.727210917635652,79.62319904378234,13.913810159837043,0.0,198.71510209191476,0.0,0.02632207625066367,0.4068159077231523,0.16007718276846675
"HCM, untreated",0.5953846153846154,50.391244550989455,12.710403986895868,79.5374738494346,13.893003326998118,0.0,198.06106201076403,0.0,0.02586279967234763,0.40707505959147383,0.15905886120134993
"HCM, untreated",0.5976923076923077,50.847536557258955,12.693866566698937,79.4518333951618,13.8722897780644,0.0,197.3783835839883,0.0,0.02541557645430478,0.40732539205866636,0.15805692820034908
"HCM, untreated",0.6000000000000001,51.30222020533519,12.677597916800503,79.36627769495583,13.851673847549328,0.0,196.66792155548822,0.0,0.024980069813760886,0.40756717142554744,0.1570711421906617
"HCM, untreated",0.6023076923076923,51.75523241206524,12.661597220202982,79.28080676835825,13.831159738781714,0.0,195.9305224546771,0.0,0.024555952619498958,0.4078006557437795,0.15610126456446893
"HCM, untreated",0.6046153846153847,52.20651203405605,12.64586358423775,79.19542064028278,13.810751525164216,0.0,195.16702459370774,0.0,0.024142907128231434,0.40802609509327126,0.15514705966186199
"HCM, untreated",0.6069230769230769,52.65599984903117,12.630396041819521,79.11011934083966,13.790453151436093,0.0,194.37825803863947,0.0,0.023740624726803335,0.40824373184848284,0.1542082947512814
"HCM, untreated",0.6092307692307692,53.10363853706506,12.615193552857582,79.02490290516188,13.770268434943981,0.0,193.56504455746796,0.0,0.023348805680208345,0.40845380093420763,0.15328474000949813
"HCM, untreated",0.6115384615384616,53.54937266164689,12.600255005809775,78.9397713732333,13.750201066923768,0.0,192.72819754766408,0.0,0.022967158885388445,0.40865653007136654,0.15237616850116348
"HCM, untreated",0.6138461538461539,53.99314865053175,12.585579219365904,78.8547247897187,13.730254613796431,0.0,191.8685219457125,0.0,0.022595401630777757,0.4088521400133151,0.15148235615795516
"HCM, untreated",0.6161538461538462,54.43491477634259,12.571164944246998,78.76976320379572,13.710432518480314,0.0,190.9868141211387,0.0,0.022233259361542364,0.4090408447731309,0.15060308175734383
"HCM, untreated",0.6184615384615385,54.874621136891456,12.557010865108158,78.68488666898874,13.690738101721847,0.0,190.0838617572338,0.0,0.0218804654504602,0.4092228518423197,0.14973812690100619
"HCM, untreated",0.6207692307692307,55.31221963519366,12.54311560253294,78.60009524300479,13.671174563446549,0.0,189.16044372063874,0.0,0.021536760974378247,0.40939836240134964,0.14888727599290766
"HCM, untreated",0.6230769230769232,55.747663959152966,12.529477715107612,78.51538898757136,13.651744984131714,0.0,188.2173299218259,0.0,0.021201894496178396,0.4095675715223993,0.14805031621707768
"HCM, untreated",0.6253846153846154,56.18090956090057,12.51609570156409,78.43076796827626,13.632452326201989,0.0,187.25528116841508,0.0,0.02087562185217814,0.40973066836468003,0.1472270375151005
"HCM, untreated",0.6276923076923078,56.6119136357745,12.50296800298143,78.34623225440956,13.613299435448617,0.0,186.27504901302635,0.0,0.02055770594488791,0.40988783636267206,0.14641723256334166
"HCM, untreated",0.63,57.04063510093024,12.49009300503559,78.26178191880756,13.594289042473129,0.0,185.27737559740902,0.0,0.020247916541042986,0.41003925340759384,0.14562069674993217
"HCM, untreated",0.6323076923076923,57.46703457357665,12.47746904028797,78.17741703769886,13.575423764155685,0.0,184.26299349437033,0.0,0.019946030074824806,0.4101850920224046,0.14483722815152947
"HCM, untreated",0.6346153846153847,57.891074348834984,12.46509439050374,78.09313769055261,13.556706105148372,0.0,183.23262554896243,0.0,0.01965182945618369,0.41032551953062385,0.1440666275098742
"HCM, untreated",0.636923076923077,58.31271837722167,12.452967288991402,78.00894395992884,13.538138459393284,0.0,182.18698472025423,0.0,0.019365103884172907,0.4104606982192345,0.14330869820816236
"HCM, untreated",0.6392307692307693,58.73193224175849,12.441085922955638,77.92483593133107,13.519723111665247,0.0,181.12677392491622,0.0,0.019085648665202078,0.4105907854959221,0.14256324624724886
"HCM, untreated",0.6415384615384616,59.1486831347165,12.429448435855763,77.8408136930611,13.501462239138641,0.0,180.0526858837516,0.0,0.01881326503611662,0.41071593404088846,0.14183008022170157
"HCM, untreated",0.6438461538461538,59.56293983400233,12.418052929762657,77.75687733607599,13.4833579129779,0.0,178.96540297223228,0.0,0.018547759992008795,0.4108362919534649,0.14110901129572095
"HCM, untreated",0.6461538461538463,59.97467267919794,12.406897467707717,77.67302695384745,13.465412099950758,0.0,177.86559707592352,0.0,0.018288946118665175,0.410952002893739,0.14039985317894166
"HCM, untreated",0.6484615384615385,60.38370158736003,12.39725372984044,77.58926264526828,13.447636794378928,0.0,176.54949474998827,0.0,0.018036641164316476,0.4110631410322971,0.13970242210213166
"HCM, untreated",0.6507692307692308,60.789228740766255,12.390188527945721,77.50558455248655,13.43008516800044,0.0,174.85380163318416,0.0,0.01779066464720229,0.41116952056304656,0.13901653679280293
"HCM, untreated",0.6530769230769231,61.190518124283685,12.38505132441592,77.4219928887516,13.412806264322573,0.0,172.89268983850826,0.0,0.01755083567798912,0.41127100064443056,0.13834201845074828
"HCM, untreated",0.6553846153846153,61.587052707470875,12.381401806953365,77.33848792085458,13.395834521805089,0.0,170.743779642069,0.0,0.01731697478424792,0.41136754667774306,0.13767869072351824
"HCM, untreated",0.6576923076923078,61.978464177858115,12.378940812635578,77.25506995327008,13.379194460105518,0.0,168.46010648706508,0.0,0.017088905405565426,0.4114591934712618,0.13702637968184983
"HCM, untreated",0.66,62.36448665872808,12.377461512415916,77.1717393173267,13.36290376678777,0.0,166.07855829998155,0.0,0.016866454824146306,0.4115460209296647,0.1363849137950615
"HCM, untreated",0.6623076923076924,62.74492622998516,12.37681778064271,77.08849636367972,13.346975330117289,0.0,163.6253543277346,0.0,0.016649454728739212,0.41162813800547554,0.1357541239064245
"HCM, untreated",0.6646153846153846,63.11964072291804,12.376903637953433,77.00534145696581,13.331418586682672,0.0,161.1196120474458,0.0,0.016437741539291513,0.4117056720488996,0.13513384320852356
"HCM, untreated",0.666923076923077,63.488526212687695,12.3776398495461,76.92227497190977,13.316240422337712,0.0,158.57567620839845,0.0,0.016231156574724643,0.4117787616986876,0.13452390721861712
"HCM, untreated",0.6692307692307693,63.851507890716334,12.378965160799213,76.83929729040747,13.301445781039398,0.0,156.00464456304994,0.0,0.0160295461173521,0.4118475521055025,0.13392415375400865
"HCM, untreated",0.6715384615384616,64.20853381104527,12.380830547321066,76.75640879927269,13.287038082012742,0.0,153.41537095496585,0.0,0.015832761408888563,0.4119121916988427,0.1333344229074378
"HCM, untreated",0.6738461538461539,64.5595705296674,12.383195430249705,76.6736098884429,13.273019510665312,0.0,150.8151274645859,0.0,0.015640658601007357,0.411972829980749,0.13275455702250283
"HCM, untreated",0.6761538461538462,64.90459999609347,12.386025176413415,76.59090094950858,13.259391225982798,0.0,148.2100435550646,0.0,0.015453098675632054,0.41202961600663357,0.1321844006691221
"HCM, untreated",0.6784615384615384,65.24361727755533,12.38928944074737,76.50828237447624,13.246153512389004,0.0,145.60539898651194,0.0,0.015269947345089976,0.4120826973291914,0.1316238006190451
"HCM, untreated",0.6807692307692308,65.57662884038176,12.39296106215524,76.42575455470529,13.233305894441283,0.0,143.00582060859543,0.0,0.015091074938947827,0.41213221925707655,0.13107260582141994
"HCM, untreated",0.6830769230769231,65.90365120728669,12.397015323803972,76.34331787997844,13.22084722645,0.0,140.41541583044182,0.0,0.014916356282175228,0.41217832432976814,0.13053066737842695
"HCM, untreated",0.6853846153846155,66.22470987104715,12.401429453804223,76.26097273767834,13.208775764993312,0.0,137.83786429339514,0.0,0.014745670567843656,0.4122211519428312,0.12999783852098504
"HCM, untreated",0.6876923076923077,66.53983838561358,12.406182284657318,76.1787195120517,13.197089229593237,0.0,135.27648190795543,0.0,0.014578901226609861,0.4122608380794405,0.12947397458453935
"HCM, untreated",0.6900000000000001,66.84907758240979,12.411254017644165,76.09655858354776,13.185784855037268,0.0,132.7342665917164,0.0,0.01441593579458866,0.41229751511839463,0.12895893298493605
"HCM, untreated",0.6923076923076923,67.15247487720973,12.416626056594747,76.01449032822173,13.174859437654222,0.0,130.21393187529117,0.0,0.014256665780782284,0.41233131169838994,0.12845257319439263
"HCM, untreated",0.6946153846153847,67.45008364462872,12.422280887514678,75.93251511719623,13.164309377075847,0.0,127.71793245426893,0.0,0.014100986534932131,0.4123623526246837,0.12795475671756834
"HCM, untreated",0.696923076923077,67.74196264497454,12.428201988498842,75.85063331617562,13.154130714501795,0.0,125.24848438540846,0.0,0.013948797116448006,0.4123907588085254,0.12746534706774293
"HCM, untreated",0.6992307692307693,68.02817549330234,12.434373759629878,75.76884528500888,13.144319168145504,0.0,122.80758171162964,0.0,0.013800000164919661,0.41241664723258153,0.12698420974310748
"HCM, untreated",0.7015384615384616,68.30879016388731,12.44078146605883,75.68715137729784,13.134870166313759,0.0,120.39701069361101,0.0,0.013654501772605831,0.41244013093749204,0.1265112122031748
"HCM, untreated",0.7038461538461539,68.58387852554972,12.447411189788438,75.60555194004755,13.12577887842463,0.0,118.01836242306834,0.0,0.013512211359214142,0.4124613190259861,0.12604622384531314
"HCM, untreated",0.7061538461538462,68.85351590472496,12.454249787229228,75.52404731335645,13.117040244171271,0.0,115.67304432423659,0.0,0.013373041549222288,0.41248031668185836,0.12558911598140954
"HCM, untreated",0.7084615384615386,69.11778067411977,12.46128485062645,75.4426378301438,13.108649000975719,0.0,113.36229087187813,0.0,0.013236908051941313,0.4124972252017015,0.12513976181466627
"HCM, untreated",0.7107692307692308,69.37675386540741,12.468504672141009,75.36132381591224,13.10059970983612,0.0,111.08717373539223,0.0,0.013103729544481586,0.41251214203769837,0.12469803641653619
"HCM, untreated",0.713076923076923,69.63051880480059,12.475898209821164,75.28010558854336,13.092886779645047,0.0,108.8486114799303,0.0,0.012973427557748702,0.4125251608500624,0.12426381670380005
"HCM, untreated",0.7153846153846154,69.87916077057987,12.48345505499875,75.19898345812432,13.085504490040588,0.0,106.64737890382315,0.0,0.012845926365568227,0.41253637156791495,0.12383698141579076
"HCM, untreated",0.7176923076923077,70.12276667179536,12.49116540084006,75.1179577268035,13.07844701284258,0.0,104.4841160575628,0.0,0.012721152877013872,0.4125458604575338,0.12341741109176788
"HCM, untreated",0.7200000000000001,70.36142474743788,12.499020011905147,75.03702868867352,13.071708432121143,0.0,102.35933696804459,0.0,0.012599036531992342,0.4125537101970164,0.12300498804844592
"HCM, untreated",0.7223076923076923,70.5952242854128,12.507010194648347,74.95619662967961,13.065282762942127,0.0,100.27343807804347,0.0,0.012479509200119358,0.412559999956487,0.12259959635768006
"HCM, untreated",0.7246153846153847,70.82425536066285,12.515127768840099,74.87546182755179,13.059163968833275,0.0,98.22670640271875,0.0,0.012362505082904717,0.4125648054830439,0.1222011218243122
"HCM, untreated",0.7269230769230769,71.04860859178433,12.523365039916339,74.79482455175906,13.053345978015019,0.0,96.21932740042487,0.0,0.012247960619249355,0.4125681991897044,0.1218094519641805
"HCM, untreated",0.7292307692307693,71.26837491547185,12.531714772275752,74.71428506348408,13.047822698440347,0.0,94.25139255280256,0.0,0.012135814394244254,0.41257025024765565,0.12142447598229497
"HCM, untreated",0.7315384615384616,71.48364537811473,12.540170163547788,74.63384361561671,13.042588031689125,0.0,92.32290664878929,0.0,0.012026007051249146,0.4125710246811678,0.12104608475118193
"HCM, untreated",0.7338461538461539,71.69451094385525,12.548724819855671,74.553500452765,13.037635885762954,0.0,90.4337947672297,0.0,0.011918481207218608,0.4125705854645709,0.12067417078939939
"HCM, untreated",0.7361538461538462,71.90106231840872,12.557372732092183,74.47325581128209,13.032960186827449,0.0,88.58390895408574,0.0,0.011813181371233777,0.41256899262074037,0.12030862824022599
"HCM, untreated",0.7384615384615385,72.10338978793686,12.566108253220994,74.39310991930785,13.028554889949321,0.0,86.77303459146678,0.0,0.0117100538661898,0.41256630332057637,0.11994935285052534
"HCM, untreated",0.7407692307692308,72.30158307226169,12.57492607660974,74.31306299682375,13.024413988875864,0.0,85.00089645716812,0.0,0.011609046753582005,0.4125625719830044,0.1195962419497875
"HCM, untreated",0.7430769230769232,72.4957311917059,12.583821215392621,74.23311525571981,13.020531524904696,0.0,83.26716447523287,0.0,0.01151010976132756,0.41255785037506193,0.11924919442934984
"HCM, untreated",0.7453846153846154,72.68592234684847,12.592788982855737,74.15326689987255,13.016901594891213,0.0,81.57145915927535,0.0,0.011413194214554112,0.4125521877116751,0.11890811072179822
"HCM, untreated",0.7476923076923078,72.87224381049045,12.601824973830174,74.07351812523262,13.01351835844094,0.0,79.91335675208757,0.0,0.011318252969282426,0.41254563075476597,0.11857289278055057
"HCM, untreated",0.75,73.05478183113485,12.610925047074135,73.99386911992133,13.01037604433326,0.0,78.29239406616068,0.0,0.011225240348926257,0.4125382239113662,0.1182434440596238
"HCM, untreated",0.7523076923076925,73.2336215472975,12.620085308619355,73.91432006433485,13.007468956222219,0.0,76.70807303116847,0.0,0.011134112083529771,0.4125300093304479,0.11791966949358529
"HCM, untreated",0.7546153846153847,73.40884691198035,12.62930209605463,73.83487113125531,13.004791477659042,0.0,75.15986495532952,0.0,0.01104482525166035,0.41252102699821463,0.11760147547769019
"HCM, untreated",0.756923076923077,73.58054062665596,12.638571963714437,73.75552248596789,13.002338076479907,0.0,73.64721450873029,0.0,0.010957338224872886,0.41251131483162573,0.11728876984820515
"HCM, untreated",0.7592307692307693,73.74878408413178,12.64789166873947,73.67627428638306,13.000103308601133,0.0,72.16954343729023,0.0,0.010871610614660432,0.4125009087699592,0.11698146186291958
"HCM, untreated",0.7615384615384616,73.91365731968298,12.657258157973754,73.5971266831633,12.998081821262625,0.0,70.72625401675373,0.0,0.01078760322180529,0.41248984286424306,0.11667946218184509
"HCM, untreated",0.763846153846154,74.0752389698655,12.66666855566195,73.51807981985344,12.996268355758911,0.0,69.31673225658359,0.0,0.010705277988044349,0.4124781493644136,0.11638268284810346
"HCM, untreated",0.7661538461538463,74.23360623844398,12.67612015190853,73.43913383301424,12.994657749695454,0.0,67.94035086416335,0.0,0.010624597949962584,0.41246585880408154,0.116091037269004
"HCM, untreated",0.7684615384615385,74.38883486889347,12.68561039186277,73.36028885235831,12.993244938806495,0.0,66.5964719796902,0.0,0.01054552719502906,0.41245300008281083,0.11580444019731027
"HCM, untreated",0.7707692307692308,74.54099912295815,12.69513686559104,73.281545000888,12.992024958368814,0.0,65.28444969262031,0.0,0.010468030819690614,0.4124396005458352,0.11552280771269688
"HCM, untreated",0.7730769230769231,74.69017176477554,12.704697298599944,73.20290239503476,12.99099294424436,0.0,64.00363235041833,0.0,0.01039207488943944,0.4124256860611565,0.11524605720339615
"HCM, untreated",0.7753846153846154,74.83642405009917,12.714289542974026,73.12436114479935,12.990144133582797,0.0,62.753364670413546,0.0,0.010317626400772112,0.41241128109398634,0.11497410734803507
"HCM, untreated",0.7776923076923078,74.979825720178,12.723911569092882,73.0459213538927,12.989473865213629,0.0,61.53298966548358,0.0,0.010244653244959137,0.4123964087785096,0.1147068780976623
"HCM, untreated",0.78,75.12044499987495,12.733561457893348,72.96758311987678,12.988977579755636,0.0,60.34185039415678,0.0,0.010173124173545864,0.41238109098696024,0.11444429065796535
"HCM, untreated",0.7823076923076924,75.25834859963147,12.743237393644279,72.88934653430537,12.98865081946996,0.0,59.17929154546987,0.0,0.010103008765507425,0.41236534839601585,0.11418626747167766
"HCM, untreated",0.7846153846153846,75.39360172090869,12.752937657202182,72.81121168286428,12.98848922788147,0.0,58.044660868740046,0.0,0.010034277395982456,0.41234920055052593,0.11393273220117545
"HCM, untreated",0.786923076923077,75.52626806475843,12.762660619717634,72.73317864551065,12.988488549191565,0.0,56.93731045809924,0.0,0.009966901206512419,0.41233266592460144,0.11368360971126394
"HCM, untreated",0.7892307692307693,75.65640984320025,12.772404736764011,72.65524749661131,12.988644627504035,0.0,55.856597901300695,0.0,0.009900852076715594,0.4123157619801001,0.11343882605215277
"HCM, untreated",0.7915384615384616,75.78408779310176,12.782168542861111,72.5774183050798,12.988953405884171,0.0,54.80188730202206,0.0,0.009836102597327102,0.41229850522255174,0.11319830844261985
"HCM, untreated",0.7938461538461539,75.90936119228067,12.79195064636858,72.49969113451188,12.989410925269942,0.0,53.77255018442756,0.0,0.009772626044538598,0.41228091125457245,0.11296198525336357
"HCM, untreated",0.7961538461538462,76.03228787756669,12.801749724723813,72.42206604331929,12.990013323252704,0.0,52.7679662885706,0.0,0.009710396355573683,0.41226299482682416,0.11272978599054236
"HCM, untreated",0.7984615384615384,76.15292426458062,12.811564520002731,72.3445430848618,12.990756832743621,0.0,51.78752426457067,0.0,0.009649388105437445,0.41224476988657993,0.11250164127950156
"HCM, untreated",0.8007692307692309,76.27132536900628,12.821393834781214,72.26712230757715,12.991637780540838,0.0,50.8306222733464,0.0,0.009589576484780916,0.41222624962395865,0.11227748284868616
"HCM, untreated",0.8030769230769231,76.38754482914774,12.831236528277405,72.18980375510901,12.99265258581113,0.0,49.896668501151126,0.0,0.009530937278823587,0.41220744651589786,0.11205724351373957
"HCM, untreated",0.8053846153846155,76.50163492958146,12.841091512755398,72.11258746643264,12.993797758498873,0.0,48.98508159490395,0.0,0.009473446847279531,0.412188372367934,0.11184085716178678
"HCM, untreated",0.8076923076923077,76.61364662572763,12.850957750173986,72.03547347597836,12.995069897673947,0.0,48.095291024692614,0.0,0.009417082105234934,0.4121690383538624,0.11162825873590189
"HCM, untreated",0.81,76.72362956918029,12.860834249062194,71.95846181375259,12.996465689829355,0.0,47.22673737979451,0.0,0.00936182050492718,0.4121494550533505,0.11141938421975842
"HCM, untreated",0.8123076923076924,76.83163213364931,12.870720061607727,71.88155250545655,12.997981907138303,0.0,46.37887260383142,0.0,0.009307640018377855,0.41212963248757756,0.11121417062246214
"HCM, untreated",0.8146153846153847,76.93770144138007,12.88061428094325,71.80474557260249,12.999615405679716,0.0,45.551160174565126,0.0,0.009254519120834236,0.4121095801529767,0.11101255596356498
"HCM, untreated",0.816923076923077,77.04188338992918,12.890516038616994,71.72804103262737,13.001363123640287,0.0,44.74307523341625,0.0,0.009202436774975967,0.41208930705315217,0.11081447925825923
"HCM, untreated",0.8192307692307693,77.14422267918566,12.900424502235426,71.6514388990042,13.00322207950048,0.0,43.9541046694337,0.0,0.009151372415845719,0.4120688217290465,0.11061988050275104
"HCM, untreated",0.8215384615384616,77.24476283853754,12.910338873266546,71.57493918135067,13.005189370211088,0.0,43.18374716211359,0.0,0.009101305936464651,0.412048132287431,0.11042870065981213
"HCM, untreated",0.823846153846154,77.34354625409401,12.920258384992097,71.49854188553535,13.007262169366394,0.0,42.431513187272365,0.0,0.009052217674095432,0.41202724642779104,0.11024088164450846
"HCM, untreated",0.8261538461538462,77.4406141958819,12.930182300599723,71.4222470137814,13.009437725379314,0.0,41.69692498968385,0.0,0.009004088397117489,0.4120061714676781,0.11005636631010512
"HCM, untreated",0.8284615384615385,77.53600684494444,12.940109911404965,71.34605456476774,13.01171335966336,0.0,40.979516526095246,0.0,0.00895689929248098,0.41198491436659723,0.10987509843414571
"HCM, untreated",0.8307692307692308,77.62976332027728,12.950040535194063,71.26996453372767,13.014086464825713,0.0,40.27883338192342,0.0,0.008910631953707733,0.41196348174849856,0.1096970227047056
"HCM, untreated",0.833076923076923,77.72192170554496,12.959973514680271,71.1939769125451,13.016554502875227,0.0,39.5944326645772,0.0,0.00886526836940908,0.41194187992293885,0.10952208470681753
"HCM, untreated",0.8353846153846155,77.81251907552694,12.969908216065184,71.11809168984821,13.01911500344874,0.0,38.92588287628095,0.0,0.008820790912292147,0.41192011490497776,0.10935023090906831
"HCM, untreated",0.8376923076923077,77.90159152224896,12.979844027698563,71.04230885110091,13.021765562058631,0.0,38.272763768911574,0.0,0.008777182328627705,0.41189819243387116,0.10918140865036567
"HCM, untreated",0.8400000000000001,77.989174180761,12.989780358829863,70.96662837869162,13.024503838364216,0.0,37.634666183225654,0.0,0.008734425728154178,0.41187611799062196,0.10901556612687345
"HCM, untreated",0.8423076923076923,78.07530125452824,12.99971663844491,70.89105025201992,13.027327554469192,0.0,37.01119187466864,0.0,0.008692504574393812,0.41185389681444756,0.10885265237911443
"HCM, untreated",0.8446153846153847,78.16000604040659,13.009652314182778,70.81557444758079,13.030234493247072,0.0,36.40195332767409,0.0,0.008651402675358365,0.41183153391821953,0.10869261727923903
"HCM, untreated",0.846923076923077,78.24332095317801,13.01958685132679,70.74020093904657,13.033222496696188,0.0,35.806573560314334,0.0,0.008611104174622993,0.41180903410293074,0.10853541151845868
"HCM, untreated",0.8492307692307693,78.3252775496257,13.02951973186489,70.66492969734676,13.036289464325653,0.0,35.22468592092566,0.0,0.008571593542748179,0.41178640197124144,0.10838098659464275
"HCM, untreated",0.8515384615384616,78.40590655213192,13.039450453614696,70.5897606907455,13.039433351573383,0.0,34.65593387819888,0.0,0.008532855569030781,0.41176364194015525,0.10822929480007717
"HCM, untreated",0.8538461538461539,78.48523787178537,13.049378529409157,70.5146938849171,13.042652168257037,0.0,34.09997080606287,0.0,0.008494875353566335,0.4117407582528726,0.1080802892093839
"HCM, untreated",0.8561538461538462,78.56330063098726,13.059303486337788,70.43972924301919,13.045943977058675,0.0,33.5564597646665,0.0,0.008457638299605821,0.4117177549898682,0.10793392366759937
"HCM, untreated",0.8584615384615386,78.64012318554843,13.069224865041203,70.36486672576417,13.0493068920435,0.0,33.02507327842675,0.0,0.008421130106191096,0.41169463607923634,0.107790152778411
"HCM, untreated",0.8607692307692308,78.71573314627211,13.079142219053791,70.2901062914884,13.052739077213175,0.0,32.505493112275,0.0,0.008385336761054138,0.41167140530634627,0.10764893189254994
"HCM, untreated",0.8630769230769232,78.79015740001886,13.089055114192279,70.21544789621944,13.056238745093872,0.0,31.99741004689611,0.0,0.008350244533766123,0.41164806632284767,0.10751021709633865
"HCM, untreated",0.8653846153846154,78.86342213025252,13.098963127986831,70.1408914937416,13.059804155359119,0.0,31.50052365377607,0.0,0.008315839969123225,0.4116246226550651,0.10737396520039237
"HCM, untreated",0.8676923076923078,78.93555283706762,13.108865849151218,70.06643703565936,13.063433613487431,0.0,31.01454207080761,0.0,0.008282109880756805,0.41160107771181703,0.10724013372847238
"HCM, untreated",0.8700000000000001,79.00657435670007,13.118762877090388,69.99208447145918,13.067125469454622,0.0,30.539181779001968,0.0,0.008249041344956408,0.4115774347916951,0.10710868090648999
"HCM, untreated",0.8723076923076925,79.07651088052445,13.128653821441636,69.91783374856942,13.070878116460502,0.0,30.074167380951973,0.0,0.008216621694694698,0.4115536970898359,0.10697956565165984
"HCM, untreated",0.8746153846153847,79.14538597354256,13.138538301648348,69.84368481241863,13.07468998968972,0.0,29.61923138143243,0.0,0.00818483851384414,0.41152986770421696,0.1068527475618008
"HCM, untreated",0.876923076923077,79.21322259236851,13.1484159465628,69.76963760649214,13.078559565106323,0.0,29.174113970657764,0.0,0.008153679631575827,0.4115059496415064,0.10672818690478318
"HCM, untreated",0.8792307692307693,79.28004310271714,13.158286394076912,69.69569207238698,13.082485358281664,0.0,28.738562810494624,0.0,0.008123133116931476,0.4114819458224949,0.10660584460812088
"HCM, untreated",0.8815384615384616,79.3458692964027,13.168149290778445,69.62184814986529,13.086465923255085,0.0,28.312332823982775,0.0,0.008093187273560181,0.41145785908713606,0.10648568224870673
"HCM, untreated",0.883846153846154,79.41072240785596,13.178004291631058,69.54810577690616,13.090499851426907,0.0,27.895185988420668,0.0,0.00806383063461197,0.4114336921992205,0.1063676620426899
"HCM, untreated",0.8861538461538462,79.47462313016817,13.187851059676543,69.47446488975598,13.09458577048311,0.0,27.48689113224046,0.0,0.008035051957780771,0.41140944785070827,0.10625174683549347
"HCM, untreated",0.8884615384615385,79.53759163067079,13.197689265757282,69.40092542297735,13.098722343351179,0.0,27.087223735890337,0.0,0.008006840220489817,0.41138512866574106,0.10613790009197133
"HCM, untreated",0.8907692307692308,79.59964756606048,13.207518588258356,69.32748730949659,13.102908267186356,0.0,26.69596573680806,0.0,0.007979184615212954,0.4113607372043562,0.10602608588670213
"HCM, untreated",0.8930769230769231,79.66081009707898,13.21733871286634,69.25415048064984,13.107142272387755,0.0,26.312905338724892,0.0,0.007952074544925712,0.4113362759659222,0.10591626889441973
"HCM, untreated",0.8953846153846154,79.72109790275782,13.227149332345563,69.18091486622792,13.111423121643647,0.0,25.93783682524879,0.0,0.007925499618680403,0.4113117473923152,0.10580841438057767
"HCM, untreated",0.8976923076923078,79.78052919423807,13.236950146328626,69.10778039451985,13.115749609005213,0.0,25.57056037793473,0.0,0.007899449647299824,0.4112871538708534,0.1057024881920473
"HCM, untreated",0.9,79.83912172817531,13.246740861121264,69.03474699235507,13.120120558988072,0.0,25.210881898802555,0.0,0.00787391463918451,0.4112624977370071,0.10559845674794709
"HCM, untreated",0.9023076923076924,79.8968928197403,13.256521189520125,68.9618145851446,13.124534825700927,0.0,24.85861283736042,0.0,0.007848884796228776,0.4112377812768993,0.10549628703060233
"HCM, untreated",0.9046153846153846,79.95385935522553,13.266290850642617,68.88898309692085,13.128991292000602,0.0,24.5135700221285,0.0,0.007824350509841057,0.4112130067296124,0.10539594657663358
"HCM, untreated",0.906923076923077,80.01003780426834,13.276049569767665,68.81625245037647,13.133488868672778,0.0,24.175575496674913,0.0,0.007800302357064378,0.41118817628931453,0.10529740346817223
"HCM, untreated",0.9092307692307693,80.06544423170075,13.285797078186533,68.74362256690192,13.138026493637732,0.0,23.84445636013999,0.0,0.007776731096792963,0.4111632921072187,0.10520062632420216
"HCM, untreated",0.9115384615384616,80.12009430903645,13.295533113063536,68.67109336662213,13.142603131180396,0.0,23.520044612177283,0.0,0.007753627666081304,0.41113835629338696,0.10510558429202548
"HCM, untreated",0.9138461538461539,80.17400332560497,13.305257417304917,68.59866476843199,13.147217771204044,0.0,23.202177002328497,0.0,0.007730983176542179,0.4111133709183913,0.10501224703885147
"HCM, untreated",0.9161538461538462,80.22718619934344,13.314969739435652,68.52633669003094,13.151869428506929,0.0,22.890694883750285,0.0,0.007708788910830327,0.41108833801484157,0.10492058474350699
"HCM, untreated",0.9184615384615386,80.27965748725552,13.32466983348436,68.45410904795655,13.156557142081223,0.0,22.585444071181676,0.0,0.007687036319208695,0.4110632595787912,0.10483056808826693
"HCM, untreated",0.9207692307692309,80.33143139554772,13.33435745887383,68.3819817576171,13.161279974433546,0.0,22.28627470319756,0.0,0.0076657170161943166,0.41103813757102914,0.1047421682508035
"HCM, 10 mg/day",0.0,84.59442202941376,13.311683463245279,67.14927417862508,13.016787457794909,0.0,15.893290103748692,0.0,0.004301567836420497,0.6837680694003127,0.1
"HCM, 10 mg/day",0.002307692307692308,84.6281163515367,13.42614828487325,67.07866721758793,13.022543291904253,0.0,11.57338212771242,0.0,0.004468640686944657,0.6837431288257472,0.15025868665490802
"HCM, 10 mg/day",0.004615384615384616,84.64391916880362,13.908916216165437,67.00816055277463,13.029480526098634,0.0,2.5973324754531264,0.0,0.0052739265632035124,0.683652623267868,0.19843058316928874
"HCM, 10 mg/day",0.006923076923076923,84.64592170212597,14.9562698375926,66.9377556049093,13.037326251301883,0.0,0.08330149805031563,0.0,0.007047318897830485,0.6833891496378147,0.24458067372866968
"HCM, 10 mg/day",0.009230769230769232,84.64596356418535,16.73678851460321,66.86745284585989,13.045291106523523,0.0,0.00022645357082490934,0.0,0.010065762021784786,0.6828086954427581,0.28877214371367943
"HCM, 10 mg/day",0.011538461538461539,84.64596365814911,19.35176095074452,66.79725217507941,13.053247176281058,0.0,3.8101091389471557e-08,0.0,0.014502455816380173,0.6817455265354684,0.3310664263801415
"HCM, 10 mg/day",0.013846153846153847,84.64596365816405,22.827554294349895,66.72715344476094,13.061191699049488,0.0,0.0,0.0,0.02040558760939664,0.6800316116295665,0.37152324837624606
"HCM, 10 mg/day",0.016153846153846158,84.64596365816405,27.12227588124605,66.65715650687406,13.069124685343334,0.0,0.0,0.0,0.027707150701166135,0.6775151433047616,0.41020067412496586
"HCM, 10 mg/day",0.018461538461538463,84.64596365816405,32.14348240078234,66.58726121360296,13.07704615191406,0.0,0.0,0.0,0.03625251643067136,0.6740748997827466,0.4471551490992157
"HCM, 10 mg/day",0.02076923076923077,84.64596365816405,37.770260015381744,66.51746741734651,13.08495611548979,0.0,0.0,0.0,0.04583773953181597,0.66962858421077,0.4824415420166005
"HCM, 10 mg/day",0.023076923076923078,84.64596365816405,43.87337055733197,66.4477749707179,13.092854592774366,0.0,0.0,0.0,0.056243805626530016,0.6641351144174152,0.5161131859799593
"HCM, 10 mg/day",0.025384615384615387,84.64596365816405,50.33006936896479,66.37818372654435,13.10074160044737,0.0,0.0,0.0,0.06726196842247487,0.6575921080737044,0.5482219185892926
"HCM, 10 mg/day",0.027692307692307693,84.64596365816405,57.03289349802233,66.30869353786679,13.108617155164158,0.0,0.0,0.0,0.07870889897311374,0.6500303028238467,0.5788181210500501
"HCM, 10 mg/day",0.030000000000000002,84.64595579661547,63.89333390249975,66.23930888237979,13.116481273555928,0.02007739980328365,0.0,7.962508303425074e-09,0.0904331703891069,0.6415065572694134,0.607950756302162
"HCM, 10 mg/day",0.032307692307692315,84.34911447290273,70.05098096618147,66.3445667668074,13.124341468234979,307.14929120586265,0.0,1.8635197449533596,0.10230876775747516,0.6321348691374112,0.6356674061936188
"HCM, 10 mg/day",0.03461538461538462,83.41347569031998,74.29967266354454,66.82519398757341,13.132246302053682,481.73489464833017,0.0,4.5840693080856845,0.11419929019500781,0.6222653996900149,0.6620143077218373
"HCM, 10 mg/day",0.036923076923076927,82.18856961823495,77.33295151334865,67.47523805383595,13.140235046016263,570.6987052459287,0.0,6.433521228037126,0.12598982062614988,0.6122142107461575,0.6870363883654973
"HCM, 10 mg/day",0.039230769230769236,80.81119027641604,79.45694802841956,68.21407007036443,13.148326040264298,617.6941731427014,0.0,7.5367129191989255,0.13759560136312649,0.602180376154243,0.7107773005289932
"HCM, 10 mg/day",0.04153846153846154,79.35738384112757,80.89105908812284,68.99687290293346,13.156528814925704,638.8267081366478,0.0,8.061225936369496,0.14895071717611513,0.5922997972873117,0.733279455121119
"HCM, 10 mg/day",0.04384615384615385,77.87576036688424,81.81972818126711,69.79501517274808,13.164847589296267,642.994241876471,0.0,8.166747557260203,0.16000416791789351,0.5826616369255764,0.7545840542890865
"HCM, 10 mg/day",0.046153846153846156,76.3982295893293,82.3997351302788,70.58971971687545,13.173283126132164,636.1275672093617,0.0,7.993250010147181,0.17071754574432457,0.5733194449114225,0.774731123328478
"HCM, 10 mg/day",0.048461538461538466,74.94503691442256,82.75952866078012,71.36909051819367,13.18183394697655,622.5324809771912,0.0,7.655243256723297,0.18106330179939936,0.5643004078799055,0.7937595417892398
"HCM, 10 mg/day",0.050769230769230775,73.52783992923905,82.9983045843651,72.12629527180839,13.190497207245778,605.397399518947,0.0,7.239624915443034,0.19102323800869023,0.5556132692170859,0.811707073797345
"HCM, 10 mg/day",0.053076923076923084,72.17758762722598,83.31418767757745,72.84316684614247,13.19926858228879,566.604586363025,0.0,7.0713933132568325,0.20058768702709343,0.5472492406706281,0.8286103976112855
"HCM, 10 mg/day",0.055384615384615386,70.9055255867066,83.8121113275344,73.51315203845552,13.2081410631946,537.3121046055412,0.0,7.075086661445634,0.20975598941623122,0.539175471696934,0.8445051344320941
"HCM, 10 mg/day",0.057692307692307696,69.6927722373478,84.43625752853853,74.14741126180392,13.217108574505703,514.7149228324986,0.0,7.20055672973962,0.2185333420074395,0.5313649327763326,0.8594258764851535
"HCM, 10 mg/day",0.060000000000000005,68.52665343101744,85.14894034924698,74.75344141172545,13.226166411269954,496.57548792405066,0.0,7.416046009977234,0.2269285782212308,0.5237998295022118,0.8734062143916108
"HCM, 10 mg/day",0.062307692307692314,67.39869059945731,85.92560726691154,75.33626334072359,13.23531078142084,481.43805964549597,0.0,7.700715568314978,0.23495296570232327,0.5164680736942189,0.88647876384679
"HCM, 10 mg/day",0.06461538461538463,66.30313095734024,86.7503836817615,75.89928907008094,13.244538508234807,468.3564013796356,0.0,8.040956203402752,0.24261930595686276,0.5093610227092586,0.8986751916225797
"HCM, 10 mg/day",0.06692307692307692,65.2359991589645,87.61299026837662,76.44488134613704,13.253846836840172,456.71027700862163,0.0,8.427847260187853,0.24994126885349385,0.5024720601139447,0.9100262409103679
"HCM, 10 mg/day",0.06923076923076923,64.19449250868237,88.50670349054803,76.97471051775193,13.263233307409287,446.0870672141848,0.0,8.855470569510995,0.2569329075159714,0.4957957201067968,0.9205617560206975
"HCM, 10 mg/day",0.07153846153846154,63.17659502105601,89.4270415571518,77.48998230365825,13.27269567084833,436.2071890821423,0.0,9.31981611900069,0.2636083102321593,0.48932715610894345,0.9303107064554276
"HCM, 10 mg/day",0.07384615384615385,62.18082863028758,90.37092921645481,77.9915846435025,13.282231831717212,426.87752246814495,0.0,9.818079438143434,0.26998135556770053,0.48306182462147,0.9393012103678131
"HCM, 10 mg/day",0.07615384615384616,61.206090070138835,91.33616907494655,78.48018399841884,13.29183980883661,417.96225290018026,0.0,10.348211559126636,0.2760655446619823,0.4769953028758874,0.9475605574255375
"HCM, 10 mg/day",0.07846153846153847,60.25154162728462,92.32110591959562,78.9562898580117,13.301517707606367,409.36441556852765,0.0,10.908629568172756,0.2818738908292162,0.4711231893141081,0.9551152310913812
"HCM, 10 mg/day",0.08076923076923079,59.316573394283374,93.32018053220482,79.42027712278274,13.311263699799067,400.9482335487613,0.0,11.494214008129513,0.2874188504724432,0.4654411498101685,0.9619909303358488
"HCM, 10 mg/day",0.08307692307692308,58.4010079361606,94.32328308947422,79.872265969191,13.321075994414311,392.5519420670033,0.0,12.095705467881192,0.29271225562173253,0.45994557829675453,0.9682125907957411
"HCM, 10 mg/day",0.08538461538461539,57.5047572696867,95.33160814304905,80.31232386006516,13.330952811213502,384.2137951252496,0.0,12.714001512232388,0.2977652670800875,0.45463287774107397,0.973804405392315
"HCM, 10 mg/day",0.0876923076923077,56.627656349240354,96.34581982404133,80.74056346695298,13.340892383795973,375.957656403025,0.0,13.349510418670198,0.3025883976787915,0.44949909629041307,0.9787898444223545
"HCM, 10 mg/day",0.09000000000000001,55.76950166393637,97.36584655006352,81.15711992208463,13.350892964567985,367.79447828396786,0.0,14.00195975827508,0.3071915453834894,0.44454006879558977,0.9831916751351478
"HCM, 10 mg/day",0.09230769230769231,54.93007258728072,98.39113920759192,81.5621382396703,13.36095282701865,359.7289277696278,0.0,14.670627401303847,0.311584024259296,0.43975151668980417,0.98703198080806
"HCM, 10 mg/day",0.09461538461538463,54.10914138063569,99.42082891637895,81.95576742301292,13.371070266682823,351.7629073377821,0.0,15.354484049339337,0.31577459434890226,0.4351291162809655,0.9903321793330806
"HCM, 10 mg/day",0.09692307692307693,53.30647724328784,100.45382498881244,82.33815807876456,13.381243601520827,343.8973665877649,0.0,16.052282710521286,0.3197714907999908,0.43066854701359997,0.9931130413264304
"HCM, 10 mg/day",0.09923076923076923,52.521847370827956,101.48887718078694,82.70946179282323,13.391471172091503,336.1331790325677,0.0,16.7626163137683,0.3235824522526237,0.42636552659333066,0.9953947077730194
"HCM, 10 mg/day",0.10153846153846155,51.75501663307534,102.52461658993732,83.06983131847134,13.401751341701559,328.4715146135305,0.0,17.483956183784795,0.3272147483687859,0.4222158371492819,0.9971967072172627
"HCM, 10 mg/day",0.10384615384615385,51.00574673172865,103.55958377841286,83.41942107007335,13.412082496609775,320.9139472643238,0.0,18.214679024753558,0.33067520635897873,0.41821534501625757,0.9985379725114893
"HCM, 10 mg/day",0.10615384615384617,50.27379528103129,104.59224924989239,83.75838766136626,13.422463046309737,313.46243002065097,0.0,18.953087008402235,0.33397023638072554,0.41436001577757153,0.9994368571328986
"HCM, 10 mg/day",0.10846153846153847,49.55891502476176,105.62102934296547,84.08689036290079,13.432891423887128,306.11921034340196,0.0,19.697423718004273,0.3371058557217285,0.41064592564885083,0.9999111510797642
"HCM, 10 mg/day",0.11076923076923077,48.860853277624976,106.64429935731235,84.4050914269692,13.44336608643516,298.8867247922462,0.0,20.44588758158968,0.3400877117210598,0.4070692699452528,0.9999780963573207
"HCM, 10 mg/day",0.11307692307692307,48.17935161256161,107.66040497611682,84.7131562675466,13.453885515507277,291.7674934281325,0.0,21.19664374800143,0.3429211034180417,0.4036263691675157,0.9996544020635202
"HCM, 10 mg/day",0.11538461538461539,47.514145781692406,108.66767259252032,85.0112535026572,13.464448217586027,284.7640238868102,0.0,21.94783494654227,0.34561100194763517,0.4003136731124377,0.9989562590845964
"HCM, 10 mg/day",0.11769230769230771,46.86496584296024,109.6644188729969,85.29955487576821,13.47505272454892,277.87872932460715,0.0,22.697591621281056,0.3481620697227759,0.39712776332928806,0.9978993544101376
"HCM, 10 mg/day",0.12000000000000001,46.231536458777185,110.64895972615018,85.57823507617589,13.485697594114919,271.1138613454531,0.0,23.444041481901582,0.3505786784588478,0.3940653541868051,0.9964988850771302
"HCM, 10 mg/day",0.12230769230769233,45.61357733248059,111.6196187490657,85.84747147861741,13.496381410257987,264.4714574154591,0.0,24.185318525955527,0.3528649261044844,0.39112329277493174,0.9947695717522127
"HCM, 10 mg/day",0.12461538461538463,45.010803750543566,112.57473516901193,86.10744382105699,13.507102783577302,257.9533015008854,0.0,24.919571538949633,0.35502465274735834,0.3882985578348755,0.9927256719611465
"HCM, 10 mg/day",0.12692307692307694,44.422927201823065,113.51267126992985,86.35833383760794,13.517860351616228,251.56089635386803,0.0,25.6449720541987,0.3570614555646945,0.3855882578866805,0.9903809929743044
"HCM, 10 mg/day",0.12923076923076926,43.849656048869505,114.4318192807961,86.60032486133093,13.528652779124526,245.2954458063702,0.0,26.35972174462695,0.35897870288690054,0.38298962870305503,0.9877489043567511
"HCM, 10 mg/day",0.13153846153846155,43.290696230046514,115.330607700309,86.83360140944018,13.539478758260344,239.15784549717458,0.0,27.06205921788577,0.3607795474397585,0.38050003026042006,0.984842350191292
"HCM, 10 mg/day",0.13384615384615384,42.74575197470513,116.20750703542853,87.0583487613779,13.550337008730164,233.1486805824599,0.0,27.750266190555873,0.36246693882668674,0.3781169432822878,0.9816738609826592
"HCM, 10 mg/day",0.13615384615384615,42.21452651682955,117.06103493755978,87.27475253833866,13.561226277866316,227.26822913080414,0.0,28.422673024436293,0.36404363530814504,0.37583796547571324,0.9782555652508067
"HCM, 10 mg/day",0.13846153846153847,41.696722795389675,117.88976072794846,87.48299829115733,13.572145340642857,221.51647005834613,0.0,29.07766361644105,0.3655122149306656,0.37366080754844294,0.9745992008210893
"HCM, 10 mg/day",0.14076923076923079,41.192044132101685,118.69230931211253,87.6832711020159,13.58309299963142,215.89309460905014,0.0,29.71367964244234,0.3668750860534898,0.37158328908237026,0.9707161258189212
"HCM, 10 mg/day",0.14307692307692307,40.700194879431564,119.46736449118207,87.87575520416281,13.594068084899442,210.3975205235522,0.0,30.32922416387794,0.3681344973165399,0.3696033343279118,0.9666173293763095
"HCM, 10 mg/day",0.1453846153846154,40.22088103350476,120.21367168546998,88.06063362275852,13.605069453853718,205.02890816596715,0.0,30.922864613715646,0.3692925470895493,0.36771896797388776,0.9623134420574947
"HCM, 10 mg/day",0.1476923076923077,39.75381080813842,120.93004009217084,88.23808783904357,13.616095991032498,199.7861779907658,0.0,31.493235185182673,0.3703511924386621,0.36592831093837724,0.9578147460107431
"HCM, 10 mg/day",0.15000000000000002,39.29869516752034,121.61534430470576,88.40829747925424,13.627146607849829,194.66802883192082,0.0,32.039038652459986,0.37131225764371323,0.3642295762177924,0.9531311848531694
"HCM, 10 mg/day",0.1523076923076923,38.85524831614981,122.26852542580673,88.5714400290673,13.638220242295718,189.6729565845811,0.0,32.55904765723192,0.372177442296691,0.36262106482402784,0.9482723732952956
"HCM, 10 mg/day",0.15461538461538463,38.423188145555805,122.88859171001879,88.72769057382533,13.649315858596077,184.7992729266639,0.0,33.05210549863348,0.37294832900955077,0.36110116183296137,0.9432476065118993
"HCM, 10 mg/day",0.15692307692307694,38.00223663804265,123.47461877390958,88.87722156436183,13.66043244683615,180.04512379482674,0.0,33.517126466778784,0.3736263907575441,0.35966833256175745,0.9380658692655298
"HCM, 10 mg/day",0.15923076923076926,37.59212022830326,124.02574941400455,89.02020260789897,13.671569022551234,175.40850738732595,0.0,33.95309576178163,0.3742129978825148,0.35832111888731666,0.9327358447889271
"HCM, 10 mg/day",0.16153846153846158,37.19257012420595,124.54119307338736,89.1568002832171,13.682724626288335,170.8872915161717,0.0,34.359069041073234,0.3747094247791475,0.35705813571376666,0.9272659234324224
"HCM, 10 mg/day",0.16384615384615384,36.803322588420166,125.02022499812387,89.28717797908577,13.69389832314227,166.47923017363752,0.0,34.73417163799627,0.37511685628589037,0.3558780675930619,0.9216642110822469
"HCM, 10 mg/day",0.16615384615384615,36.42411918281466,125.46218512426378,89.41149575478889,13.705089202269617,162.18197921433946,0.0,35.07759749418887,0.3754363938011712,0.3547796654994913,0.9159385373555369
"HCM, 10 mg/day",0.16846153846153847,36.05470697775372,125.86647673526448,89.52991022146581,13.716296376383628,157.99311108453108,0.0,35.38860784729148,0.37566906114454934,0.35376174375614317,0.9100964635776777
"HCM, 10 mg/day",0.17076923076923078,35.6948387285444,126.23256492832851,89.64257444291677,13.727518981233143,153.91012855560547,0.0,35.6665297140781,0.3758158101815575,0.35282317710908945,0.9041452905474916
"HCM, 10 mg/day",0.17307692307692307,35.344273021362,126.55997492646239,89.74963785447902,13.738756175068243,149.9304774396862,0.0,35.91075420734525,0.37587752623016374,0.35196289794318564,0.8980920660956409
"HCM, 10 mg/day",0.1753846153846154,35.00277439101194,126.84829027110307,89.85124619856408,13.750007138095274,146.0515582821723,0.0,36.120734722845945,0.37585503326599246,0.35117989363188645,0.891943592441484
"HCM, 10 mg/day",0.1776923076923077,34.670113412881484,127.09715092800339,89.94754147545066,13.761271071923492,142.2707370396729,0.0,36.29598503031468,0.37574909894267183,0.35047320401231463,0.8857064333534996
"HCM, 10 mg/day",0.18000000000000002,34.34606677140272,127.3062513367786,90.03866190794876,13.772547199005626,138.58535476239723,0.0,36.43607730025545,0.37556043944289974,0.349841918975945,0.8793869211182559
"HCM, 10 mg/day",0.18230769230769234,34.03041730729424,127.47533843214129,90.1247419185841,13.783834762074187,134.99273630813275,0.0,36.540640095708376,0.3752897241750314,0.3492851761646458,0.8729911633227984
"HCM, 10 mg/day",0.18461538461538463,33.722954045779375,127.60420966243763,90.20591211799429,13.795133023575355,131.49019812081102,0.0,36.60935635571847,0.3749375803291797,0.3488021587614156,0.8665250494551908
"HCM, 10 mg/day",0.18692307692307694,33.42347220789739,127.6927110286999,90.28229930327805,13.806441265101997,128.07505511067367,0.0,36.64196139475781,0.37450459730597335,0.34839209336493965,0.859994257327842
"HCM, 10 mg/day",0.18923076923076926,33.13177320693606,127.74073516505095,90.35402646509235,13.817758786827133,124.74462667542548,0.0,36.63824093990604,0.37399133103024,0.34805424793703366,0.8534042593281298
"HCM, 10 mg/day",0.19153846153846157,32.84766463192121,127.74821947899918,90.42121280234771,13.829084906939181,121.49624190279935,0.0,36.59802922523466,0.37339830816095915,0.34778792981211987,0.8467603285007244
"HCM, 10 mg/day",0.19384615384615386,32.57096022000589,127.71514436793309,90.48397374340915,13.840418961079905,118.32724399479726,0.0,36.521207160555164,0.3727260302078736,0.34759248375806917,0.8400675444659054
"HCM, 10 mg/day",0.19615384615384615,32.30147981950977,127.64153152602067,90.54242097276472,13.851760301786014,115.23499395275013,0.0,36.40770058953945,0.37197497756415177,0.34746729007802196,0.8333307991780611
"HCM, 10 mg/day",0.19846153846153847,32.0390493452714,127.52744235371132,90.59666246217742,13.863108297935133,112.21687356031212,0.0,36.257478650172025,0.3711456134634593,0.34741176274315166,0.826554802528455
"HCM, 10 mg/day",0.20076923076923078,31.78350072789315,127.37297648017899,90.64680250538584,13.874462334196727,109.27028769875828,0.0,36.0705522486006,0.37023838786873536,0.3474253475467434,0.8197440877962425
"HCM, 10 mg/day",0.2030769230769231,31.53467185838335,127.17827040731927,90.6929417554644,13.885821810488476,106.39266602551093,0.0,35.8469726557018,0.3692537412988753,0.34750752027041093,0.8129030169516267
"HCM, 10 mg/day",0.2053846153846154,31.29240652963334,126.94349628232715,90.73517726399487,13.89718614143836,103.58146404273484,0.0,35.58683023407587,0.3681921085984073,0.34765778485375615,0.8060357858149393
"HCM, 10 mg/day",0.2076923076923077,31.05655437611032,126.668860804466,90.77360252123464,13.90855475585272,100.83416357816894,0.0,35.290253301762334,0.3670539226541186,0.3478756715592766,0.7991464290753463
"HCM, 10 mg/day",0.21000000000000002,30.82697081310202,126.35460427036716,90.80830749649539,13.919927096190387,98.14827269503428,0.0,34.957407137701566,0.36583961806144594,0.3481607351248357,0.792238825172783
"HCM, 10 mg/day",0.21230769230769234,30.603516976816863,126.00099976110735,90.83937867796547,13.931302618042789,95.52132504188157,0.0,34.5884931328906,0.36454963474230145,0.3485125528965206,0.7853167010466323
"HCM, 10 mg/day",0.21461538461538465,30.38605966662601,125.60835247338541,90.86689911122035,13.94268078961996,92.9508786464908,0.0,34.18374809028612,0.36318442151486907,0.34893072293521615,0.7783836367545769
"HCM, 10 mg/day",0.21692307692307694,30.17447129073269,125.17699919638575,90.89094843566744,13.954061091242178,90.43451415032169,0.0,33.74344367581638,0.361744439614781,0.34941486209070716,0.771443069964968
"HCM, 10 mg/day",0.21923076923076926,29.968629816572182,124.70730793537652,90.91160291816165,13.965443014836868,87.96983247133184,0.0,33.26788602238689,0.36023016616598563,0.349964604037585,0.7644983003259733
"HCM, 10 mg/day",0.22153846153846155,29.76841872728509,124.19967768276496,90.92893548300623,13.976826063440287,85.55445187300481,0.0,32.7574154885207,0.35864209759855,0.3505795972676614,0.7575524937146826
"HCM, 10 mg/day",0.22384615384615386,29.573726985670717,123.65453833724183,90.94301573751652,13.988209750703415,83.18600440583944,0.0,32.21240657329028,0.35698075300961485,0.3512595030339795,0.7506086863692721
"HCM, 10 mg/day",0.22615384615384615,29.38444900712057,123.07235077182183,90.95390999227058,13.999593600401296,80.86213167392688,0.0,31.633267989507686,0.3552466774627499,0.35200399324184506,0.7436697889072539
"HCM, 10 mg/day",0.22846153846153847,29.20048464315941,122.45360705205765,90.96168127509708,14.010977145945038,78.58047986302503,0.0,31.020442897782424,0.35344044522004786,0.3528127482825698,0.7367385902327553
"HCM, 10 mg/day",0.23076923076923078,29.021739177389925,121.79883080652675,90.96638933775264,14.022359929895373,76.33869394701198,0.0,30.374409305092033,0.35156266290046567,0.3536854548058078,0.7298177613357104
"HCM, 10 mg/day",0.2330769230769231,28.848123335855327,121.10857775292212,90.96809065411412,14.03374150347671,74.13441096579466,0.0,29.69568063301323,0.3496139725571777,0.3546218034264575,0.7229098589857587
"HCM, 10 mg/day",0.23538461538461541,28.679553314113715,120.38343638479974,90.96683840854843,14.045121426090265,71.9652522383897,0.0,28.984806462820973,0.34759505466606333,0.3556214863620751,0.7160173293235946
"HCM, 10 mg/day",0.2376923076923077,28.515950823673116,119.62402882636177,90.96268247291545,14.056499264824708,69.82881433826815,0.0,28.2423734674167,0.34550663101692575,0.3566841949965714,0.7091425113524261
"HCM, 10 mg/day",0.24000000000000002,28.357243160886362,118.83101186573178,90.95566937039712,14.06787459396257,67.72265861186796,0.0,27.469006543663465,0.3433494674986432,0.3578096173656085,0.7022876403321476
"HCM, 10 mg/day",0.24230769230769234,28.203363301975774,118.00507818118209,90.9458422240123,14.07924699448022,65.64429896223861,0.0,26.66537016339635,0.3411243767692071,0.35899743555853164,0.6954548510787593
"HCM, 10 mg/day",0.24461538461538465,28.05425002858306,117.14695777999728,90.9332406872535,14.090616053539065,63.591187543801695,0.0,25.832169967480972,0.33883222080152137,0.36024732303080553,0.6886461811715016
"HCM, 10 mg/day",0.24692307692307694,27.909848089166157,116.25741967641288,90.91790085374049,14.101981363965002,61.5606979150638,0.0,24.97015463518201,0.33647391329594867,0.3615589418196985,0.6818635740701222
"HCM, 10 mg/day",0.24923076923076926,27.770108402754204,115.33727384388587,90.89985514209015,14.113342523712838,59.550105065320516,0.0,24.080118071403803,0.33405042195091605,0.3629319396542714,0.675108882144616
"HCM, 10 mg/day",0.25153846153846154,27.634988313111226,114.3873734884653,90.87913215130246,14.124699135311637,57.55656155664574,0.0,23.162901967822968,0.3315627705834707,0.3643659469484459,0.6683838696197342
"HCM, 10 mg/day",0.2538461538461539,27.504451903368768,113.40861770522422,90.85575648078692,14.136050805286231,55.577068786070356,0.0,22.219398811720875,0.32901204109254556,0.36586057366286906,0.6616902154364939
"HCM, 10 mg/day",0.2561538461538462,27.37847038383808,112.40195459991116,90.82974850760327,14.14739714354909,53.60844204860925,0.0,21.250555440016242,0.3263993752589109,0.3674154060172054,0.6550295160328652
"HCM, 10 mg/day",0.2584615384615385,27.25702256924869,111.36838498516923,90.80112411142136,14.158737762755665,51.64726763050308,0.0,20.25737726796486,0.32372597637742506,0.3690300030290275,0.6484032880457588
"HCM, 10 mg/day",0.2607692307692308,27.140095466439288,110.30896679771256,90.76989433490782,14.170072277614496,49.68984952374774,0.0,19.24093336566225,0.32099311071935416,0.37070389284815464,0.6418129709363823
"HCM, 10 mg/day",0.2630769230769231,27.02768500008047,109.2248204341044,90.73606496341056,14.181400304141441,47.732142434338165,0.0,18.202362616087818,0.3182021088253529,0.3724365688453941,0.6352599295409849
"HCM, 10 mg/day",0.26538461538461544,26.919796913141603,108.11713527483337,90.6996360024641,14.192721458844627,45.7696664087266,0.0,17.142881273916917,0.31535436663339,0.37422748540115147,0.628745456548953
"HCM, 10 mg/day",0.2676923076923077,26.816447891774597,106.98717776962502,90.66060102404789,14.204035357822931,43.79739638251253,0.0,16.063792367282055,0.3124513464507663,0.37607605332074884,0.6222707749101786
"HCM, 10 mg/day",0.27,26.717666983057363,105.83630160791964,90.61894634153286,14.215341615755785,41.809616853436786,0.0,14.96649756526615,0.3094945777858708,0.37798163477719243,0.6158370401735631
"HCM, 10 mg/day",0.2723076923076923,26.623497401856714,104.66596072458867,90.57464995695106,14.2266398447551,39.799726988609876,0.0,13.852512405705948,0.30648565806416267,0.3799435376448926,0.6094453427584865
"HCM, 10 mg/day",0.2746153846153846,26.53399886538803,103.477726238755,90.52768019941874,14.237929653040009,37.75997352068251,0.0,12.723486198212157,0.3034262532651784,0.38196100903359254,0.6030967101610073
"HCM, 10 mg/day",0.27692307692307694,26.449250660389797,102.27330897509422,90.47799393464885,14.249210643380477,35.68107538961911,0.0,11.581228588107663,0.30031809853500846,0.384033227750749,0.5967921090965336
"HCM, 10 mg/day",0.2792307692307692,26.369355755518775,101.05459012292262,90.42553416233741,14.260482411233843,33.55168058463512,0.0,10.427745877077392,0.2971629988547994,0.386159295296074,0.5905324475806468
"HCM, 10 mg/day",0.28153846153846157,26.294446453670517,99.82366413929358,90.3702267113936,14.271744542464026,31.357552395102523,0.0,9.26529211352937,0.293962829885986,0.38833822479383856,0.5843185769497232
"HCM, 10 mg/day",0.28384615384615386,26.224692402232492,98.58290079118731,90.31197555329506,14.282996610477728,29.080298026978387,0.0,8.096443449730705,0.2907195391774438,0.3905689269402292,0.5781512938229576
"HCM, 10 mg/day",0.28615384615384615,26.160312388258777,97.33503855480683,90.25065589645857,14.294238172517446,26.695276580110043,0.0,6.9242109988842495,0.28743514802882997,0.3928501914712975,0.5720313420073504
"HCM, 10 mg/day",0.2884615384615385,26.101592580230157,96.08333253040597,90.18610349974253,14.305468764680505,24.167922559631954,0.0,5.752221496176628,0.28411175450073595,0.39518066159826964,0.5659594143471799
"HCM, 10 mg/day",0.2907692307692308,26.0489166292002,94.83180475767232,90.11809702782202,14.316687894900157,21.446699866630272,0.0,4.58502757566273,0.2807515384444101,0.39755879673678507,0.5599361545194469
"HCM, 10 mg/day",0.2930769230769231,26.002819998032372,93.58570827118037,90.04632618582995,14.32789503240378,18.447877592280427,0.0,3.428697075797576,0.2773567702473184,0.3999828141474224,0.5539621587767318
"HCM, 10 mg/day",0.2953846153846154,25.964101832236864,92.35251023452933,89.97032606605731,14.339089590364381,15.016404470713178,0.0,2.2921925190047707,0.273929827034438,0.40245058802505523,0.548037977638882
"HCM, 10 mg/day",0.2976923076923077,25.93410370380974,91.1444108092627,89.8893134712603,14.350270893003183,10.8039848842216,0.0,1.1948117233828441,0.27047322621810016,0.4049594469088458,0.5421641175348942
"HCM, 10 mg/day",0.30000000000000004,25.915343104144466,89.9840099323133,89.80181492444815,14.361438101619576,5.2307223915098175,0.0,0.2812811073188862,0.26698970513845965,0.40750569411752946,0.5363410423963383
"HCM, 10 mg/day",0.30230769230769233,25.908878613074595,88.87728605031921,89.70721699381048,14.372590166496506,1.0731502215420876,0.0,0.011857369121871237,0.26348227737614227,0.41008440571292815,0.5305691752036219
"HCM, 10 mg/day",0.3046153846153846,25.90788188538291,87.75440342683646,89.60954322775447,14.383726308495634,0.08932699522513926,0.0,8.21737296015152e-05,0.2599537092712196,0.4126931884498329,0.5248488994863695
"HCM, 10 mg/day",0.30692307692307697,25.907820396256877,86.5746217169417,89.51146173414799,14.394846310379439,0.0027885136465049805,0.0,8.007911789726257e-08,0.25640613148110714,0.41533387168758845,0.519180560779154
"HCM, 10 mg/day",0.30923076923076925,25.90781864138198,85.3353593739388,89.41348757040416,14.405950165928731,6.24062340498566e-05,0.0,4.010789412032518e-11,0.2528413643935949,0.4180093577814756,0.5135644680337883
"HCM, 10 mg/day",0.3115384615384616,25.9078186035602,84.04185799435781,89.31565466900337,14.417037897275605,1.1597556221179598e-06,0.0,1.385182147112502e-14,0.24926112691703517,0.4207221645502235,0.5080008949893526
"HCM, 10 mg/day",0.3138461538461539,25.9078186028786,82.69943284130528,89.21796381182034,14.428109527801789,1.8299106672139693e-08,0.0,3.4485274729727986e-18,0.2456670940203982,0.42347428055477004,0.5024900815011043
"HCM, 10 mg/day",0.3161538461538462,25.907818602868122,81.31297832856983,89.12041481401494,14.439165080887099,2.492000063097093e-10,0.0,6.39543383936505e-22,0.2420609219128388,0.42626722247893173,0.4970322348293862
"HCM, 10 mg/day",0.3184615384615385,25.907818602867984,79.88699989896372,89.0230074699772,14.450204579878054,0.0,0.0,0.0,0.23844426568513602,0.429102093188338,0.49162753088962274
"HCM, 10 mg/day",0.3207692307692308,25.907818602867984,78.42565560561518,88.92574157401353,14.46122804808727,0.0,0.0,0.0,0.23481879176454945,0.4319796321137285,0.48627611546446337
"HCM, 10 mg/day",0.32307692307692315,25.907818602867984,76.93279287392606,88.82861692072306,14.472235508793522,0.0,0.0,0.0,0.23118618621242173,0.4349002588458185,0.4809781053791047
"HCM, 10 mg/day",0.3253846153846154,25.907818602867984,75.41198074387029,88.73163330500317,14.483226985241776,0.0,0.0,0.0,0.22754815968909023,0.4378641109088448,0.4757335896408018
"HCM, 10 mg/day",0.32769230769230767,25.907818602867984,73.86653814301216,88.63479052204904,14.494202500643244,0.0,0.0,0.0,0.22390644976411844,0.44087107654758734,0.47054263054354395
"HCM, 10 mg/day",0.33,25.907818602867984,72.29955867947683,88.53808836735327,14.505162078175433,0.0,0.0,0.0,0.2202628211292588,0.4439208232444332,0.46540526473885435
"HCM, 10 mg/day",0.3323076923076923,25.907818602867984,70.7139323845703,88.4415266367054,14.51610574098219,0.0,0.0,0.0,0.21661906417201507,0.4470128225811677,0.4603215042736418
"HCM, 10 mg/day",0.33461538461538465,25.907818602867984,69.1123647820385,88.34510512619156,14.52703351217376,0.0,0.0,0.0,0.21297699228555508,0.4501463719725405,0.4552913375960119
"HCM, 10 mg/day",0.33692307692307694,25.907818602867984,67.49739361455586,88.24882363219395,14.537945414826822,0.0,0.0,0.0,0.20933843822302056,0.4533206137233474,0.45031473052992044
"HCM, 10 mg/day",0.3392307692307692,25.907818602867984,65.87140351731863,88.15268195139045,14.548841471984552,0.0,0.0,0.0,0.20570524974848287,0.45653455179608526,0.44539162721952885
"HCM, 10 mg/day",0.34153846153846157,25.907818602867984,64.23663889297364,88.05667988075422,14.559721706656658,0.0,0.0,0.0,0.20207928479082368,0.45978706662070695,0.44052195104410063
"HCM, 10 mg/day",0.34384615384615386,25.907818602867984,62.595215210953185,87.96081721755321,14.570586141819438,0.0,0.0,0.0,0.19846240626895054,0.4630769282303348,0.4357056055042544
"HCM, 10 mg/day",0.34615384615384615,25.907818602867984,60.949128927067164,87.86509375934979,14.581434800415826,0.0,0.0,0.0,0.19485647672556317,0.4664028079658679,0.43094247508036765
"HCM, 10 mg/day",0.3484615384615385,25.907818602867984,59.30026619543854,87.76950930400027,14.592267705355438,0.0,0.0,0.0,0.191263352880983,0.4697632889572856,0.426232426063907
"HCM, 10 mg/day",0.3507692307692308,25.907818602867984,57.65041052410497,87.67406364965451,14.603084879514624,0.0,0.0,0.0,0.18768488019737026,0.47315687555927366,0.4215753073624393
"HCM, 10 mg/day",0.3530769230769231,25.907818602867984,56.00124950746615,87.57875659475549,14.613886345736514,0.0,0.0,0.0,0.18412288752617462,0.4765820018928752,0.4169709512790548
"HCM, 10 mg/day",0.3553846153846154,25.907818602867984,54.354380752879415,87.48358793803887,14.624672126831063,0.0,0.0,0.0,0.18057918189723188,0.48003703962258326,0.41241917426692354
"HCM, 10 mg/day",0.3576923076923077,25.907818602867984,52.711317104796116,87.38855747853256,14.635442245575113,0.0,0.0,0.0,0.17705554349598365,0.4835203050791311,0.40791977765967546
"HCM, 10 mg/day",0.36000000000000004,25.907818602867984,51.07349125762517,87.29366501555633,14.646196724712418,0.0,0.0,0.0,0.17355372086541143,0.4870300658217477,0.40347254837828717
"HCM, 10 mg/day",0.36230769230769233,25.907818602867984,49.442259837778856,87.19891034872136,14.656935586953717,0.0,0.0,0.0,0.1700754263610704,0.4905645467194575,0.3990772596151352
"HCM, 10 mg/day",0.3646153846153847,25.907818602867984,47.81890702590307,87.1042932779298,14.667658854976759,0.0,0.0,0.0,0.16662233188078046,0.49412193561878387,0.39473367149585614
"HCM, 10 mg/day",0.36692307692307696,25.907818602867984,46.204647781950335,87.00981360337438,14.678366551426372,0.0,0.0,0.0,0.1631960648848357,0.49770038865469457,0.3904415317196458
"HCM, 10 mg/day",0.36923076923076925,25.907818602867984,44.60063072837465,86.91547112553799,14.689058698914497,0.0,0.0,0.0,0.15979820471782555,0.5012980352525637,0.38620057617860115
"HCM, 10 mg/day",0.3715384615384616,25.907818602867984,43.007940740184054,86.82126564519322,14.699735320020238,0.0,0.0,0.0,0.15643027923915825,0.5049129828611205,0.38201052955670467
"HCM, 10 mg/day",0.3738461538461539,25.907818602867984,41.427601284778234,86.72719696340198,14.710396437289912,0.0,0.0,0.0,0.15309376176600523,0.5085433214496371,0.3778711059090263
"HCM, 10 mg/day",0.3761538461538462,25.907818602867984,39.860576549327796,86.63326488151506,14.721042073237097,0.0,0.0,0.0,0.1497900683295354,0.5121871277968264,0.37378200922170657
"HCM, 10 mg/day",0.3784615384615385,25.907818602867984,38.30777338884374,86.53946920117171,14.731672250342676,0.0,0.0,0.0,0.14652055524289345,0.5158424695939592,0.36974293395327096
"HCM, 10 mg/day",0.3807692307692308,25.907818602867984,36.77004312397138,86.44580972429925,14.742286991054888,0.0,0.0,0.0,0.1432865169773236,0.519507409380446,0.365753565557806
"HCM, 10 mg/day",0.38307692307692315,25.907818602867984,35.24818321386591,86.3522862531126,14.752886317789375,0.0,0.0,0.0,0.1400891843410949,0.5231800083264885,0.3618135809905214
"HCM, 10 mg/day",0.3853846153846154,25.907818602867984,33.74293882621587,86.25889859011387,14.763470252929231,0.0,0.0,0.0,0.13692972295439637,0.5268583298742899,0.3579226491962
"HCM, 10 mg/day",0.3876923076923077,25.907818602867984,32.25500432353517,86.16564653809202,14.77403881882504,0.0,0.0,0.0,0.13380923201210604,0.5305404432466748,0.35408043158102975
"HCM, 10 mg/day",0.39,25.907818602867984,30.7850246822058,86.07252990012233,14.784592037794939,0.0,0.0,0.0,0.13072874332526455,0.5342244268297288,0.3502865824682988
"HCM, 10 mg/day",0.3923076923076923,25.907818602867984,29.33359685839002,85.97954847956609,14.795129932124645,0.0,0.0,0.0,0.12768922063117796,0.5379083714341918,0.34654074953841685
"HCM, 10 mg/day",0.39461538461538465,25.907818602867984,27.90127111281597,85.8867020800701,14.805652524067524,0.0,0.0,0.0,0.12469155916131701,0.5415903834387725,0.34284257425372017
"HCM, 10 mg/day",0.39692307692307693,25.907818602867984,26.488552304549277,85.79399050556628,14.816159835844623,0.0,0.0,0.0,0.12173658545555216,0.5452685878172601,0.33919169226850177
"HCM, 10 mg/day",0.3992307692307692,25.907818602867984,25.095901162173178,85.70141356027132,14.82665188964472,0.0,0.0,0.0,0.11882505741075627,0.5489411310502588,0.3355877338246952
"HCM, 10 mg/day",0.40153846153846157,25.907818602867987,23.72373553929445,85.60897104868616,14.837128707624371,0.0,6.827928608108285e-12,0.0,0.11595766455140406,0.5526061839215345,0.33203032413363376
"HCM, 10 mg/day",0.40384615384615385,25.90781860286834,22.37243165995424,85.51666277559565,14.847590311907936,0.0,6.392142117540117e-10,0.0,0.11313502850949383,0.5562619441983079,0.32851908374429134
"HCM, 10 mg/day",0.4061538461538462,25.907818602899308,21.04232535848612,85.42448854606813,14.858036724585661,0.0,5.575646654666514e-08,0.0,0.11035770370090245,0.5599066391943405,0.32505362889840056
"HCM, 10 mg/day",0.4084615384615385,25.907818605442852,19.733713329280576,85.33244816545495,14.868467967552249,0.0,4.52695251462048e-06,0.0,0.10762617818516684,0.5635385282141276,0.3216335718728371
"HCM, 10 mg/day",0.4107692307692308,25.907818799805458,18.44685529473522,85.24054143938719,14.878884050215756,0.0,0.0003418228647062702,0.0,0.10494087469675906,0.5671559048620711,0.31825852130964294
"HCM, 10 mg/day",0.4130769230769231,25.907832604739575,17.182039999595325,85.14876817356529,14.889284100013297,0.0,0.023975173508952303,0.0,0.10230215191570474,0.5707570981783806,0.3149280825340562
"HCM, 10 mg/day",0.4153846153846154,25.908729272945656,15.943701207503231,85.05712815958893,14.899610190383545,0.0,1.5166661683016258,0.0,0.09971031125548595,0.574340403645236,0.31164185786090326
"HCM, 10 mg/day",0.41769230769230775,25.94074630277331,14.876624246040281,84.96562044889447,14.907846595607072,0.0,37.32688784429787,0.0,0.09716587036824022,0.5779004970506247,0.3083994468896971
"HCM, 10 mg/day",0.42000000000000004,26.105042276235093,14.438636333444547,84.87423778667386,14.907250232427957,0.0,87.62120503691274,0.0,0.09467159799534203,0.5814020775384449,0.3052004467887821
"HCM, 10 mg/day",0.42230769230769233,26.34078526645085,14.289699667863886,84.78296965800526,14.901877754329348,0.0,108.13841868282064,0.0,0.09223128610447796,0.5847993513875789,0.30204445256884993
"HCM, 10 mg/day",0.4246153846153847,26.605506779473643,14.214767620919478,84.69181196764711,14.894560858368415,0.0,118.23357687899471,0.0,0.08984623643091297,0.5880832183880204,0.298931057346147
"HCM, 10 mg/day",0.42692307692307696,26.888014226949483,14.160484509496804,84.60076275674915,14.886045939105129,0.0,125.19227114174318,0.0,0.08751679868925566,0.5912557503371195,0.29585985259568404
"HCM, 10 mg/day",0.4292307692307693,27.18484059878943,14.112488835866015,84.50982054155992,14.876564298703915,0.0,131.11624792981544,0.0,0.08524298137625906,0.5943209874887708,0.2928304283947466
"HCM, 10 mg/day",0.4315384615384616,27.49464171593068,14.06684576539572,84.41898399919275,14.866205699029443,0.0,136.59238208861711,0.0,0.08302458662090968,0.5972832514376709,0.28984237365700516
"HCM, 10 mg/day",0.4338461538461539,27.8166724365998,14.022439295428248,84.32825188557987,14.855019957194294,0.0,141.78680185777586,0.0,0.0808612607272326,0.6001467378325008,0.28689527635750356
"HCM, 10 mg/day",0.4361538461538462,28.150366749708848,13.978920558294776,84.23762301173598,14.843044942022667,0.0,146.75041865458815,0.0,0.07875252198852935,0.6029154242547586,0.28398872374881046
"HCM, 10 mg/day",0.4384615384615385,28.495221642748312,13.936154126947637,84.14709623590673,14.830314317080681,0.0,151.50265610372455,0.0,0.07669778078473383,0.6055930608365747,0.28112230256859905
"HCM, 10 mg/day",0.4407692307692308,28.850764536108876,13.894068076494733,84.056670460167,14.816859712107147,0.0,156.0541928783068,0.0,0.07469635611325204,0.6081831818850595,0.2782955992389186
"HCM, 10 mg/day",0.4430769230769231,29.21654367348056,13.852612726286099,83.96634462831679,14.802711363892062,0.0,160.4131071987828,0.0,0.07274748984298275,0.6106891218690887,0.2755082000574154
"HCM, 10 mg/day",0.4453846153846154,29.592124831978712,13.811748700662935,83.87611772419889,14.787898335792212,0.0,164.58653556575698,0.0,0.07085035919371568,0.6131140313553524,0.27275969138074907
"HCM, 10 mg/day",0.4476923076923077,29.97708979859627,13.771443005766812,83.78598877019175,14.772448619471849,0.0,168.5811259941778,0.0,0.06900408771215454,0.6154608918090437,0.27004965980044726
"HCM, 10 mg/day",0.45,30.37103536778363,13.731667393275993,83.69595682580554,14.756389201889796,0.0,172.40316872874797,0.0,0.06720775493702115,0.6177325290731603,0.2673776923114334
"HCM, 10 mg/day",0.4523076923076923,30.773572517913188,13.692397450556271,83.60602098635779,14.739746120351905,0.0,176.05864099329605,0.0,0.06546040490999609,0.6199316255757679,0.2647433764734548
"HCM, 10 mg/day",0.45461538461538464,31.18432567059714,13.653611975056256,83.51618038171895,14.72254451203204,0.0,179.55322891225637,0.0,0.06376105366699222,0.6220607313695911,0.262146300565636
"HCM, 10 mg/day",0.45692307692307693,31.602932004222403,13.615292494766836,83.42643417512213,14.704808659871333,0.0,182.8923433787366,0.0,0.06210869582721831,0.6241222741147555,0.25958605373436977
"HCM, 10 mg/day",0.4592307692307693,32.02904081178192,13.577422882474488,83.33678156203251,14.686562035517522,0.0,186.0811342671404,0.0,0.06050231038324793,0.6261185681093524,0.2570622261347584
"HCM, 10 mg/day",0.46153846153846156,32.462312898472504,13.539989038206556,83.247221769073,14.667827339606893,0.0,189.12450408749714,0.0,0.05894086578302805,0.6280518224635406,0.2545744090658079
"HCM, 10 mg/day",0.4638461538461539,32.90242001621311,13.502978624180507,83.15775405300212,14.648626539578885,0.0,192.02712130498853,0.0,0.05742332438405872,0.6299241485037868,0.2521221950995749
"HCM, 10 mg/day",0.4661538461538462,33.349044332849296,13.466380841292683,83.06837769974148,14.62898090517268,0.0,194.7934333247555,0.0,0.05594864635060902,0.6317375664852865,0.24970517820445717
"HCM, 10 mg/day",0.46846153846153854,33.80187793408752,13.430186238977969,82.97909202344924,14.608911041736583,0.0,197.42767909525537,0.0,0.054515793056621825,0.6334940116827699,0.24732295386281702
"HCM, 10 mg/day",0.47076923076923083,34.26062235636242,13.394386552175941,82.8898963656372,14.588436921470288,0.0,199.93390128202222,0.0,0.053123730049749435,0.6351953399227743,0.2449751191831187
"HCM, 10 mg/day",0.47307692307692306,34.72498814895,13.358974560518773,82.80079009432835,14.567577912712787,0.0,202.31595797403324,0.0,0.05177142962562432,0.6368433326140315,0.2426612730067575
"HCM, 10 mg/day",0.4753846153846154,35.1946944637262,13.32394396588991,82.71177260325277,14.54635280738294,0.0,204.577533896712,0.0,0.05045787305589288,0.6384397013268159,0.2403810160097521
"HCM, 10 mg/day",0.4776923076923077,35.66946867104275,13.289289285294668,82.62284331107905,14.524779846674857,0.0,206.7221511155539,0.0,0.049182052508629025,0.6399860919668799,0.23813395079946773
"HCM, 10 mg/day",0.48000000000000004,36.149046000258146,13.25500575658979,82.53400166067938,14.502876745105796,0.0,208.7531792234606,0.0,0.04794297269541475,0.6414840885849012,0.23591968200653277
"HCM, 10 mg/day",0.4823076923076923,36.63316920352219,13.221089255095764,82.44524711842578,14.480660713010264,0.0,210.67384501128717,0.0,0.046739652275554454,0.6429352168581567,0.23373781637210642
"HCM, 10 mg/day",0.48461538461538467,37.121588241471144,13.187536219485372,82.35657917351577,14.458148477570136,0.0,212.48724162675276,0.0,0.045571125044515506,0.6443409472773441,0.23158796283065028
"HCM, 10 mg/day",0.4869230769230769,37.61405998954638,13.154343585636251,82.26799733732535,14.435356302466703,0.0,214.19633723076126,0.0,0.04443644093070417,0.645702698068079,0.22946973258835457
"HCM, 10 mg/day",0.4892307692307693,38.11034796370478,13.121508727367203,82.17950114278776,14.41230000623707,0.0,215.803983163402,0.0,0.04333466682204648,0.6470218378735431,0.22738273919736193
"HCM, 10 mg/day",0.49153846153846154,38.61022206434274,13.089029403164831,82.091090143796,14.388994979413605,0.0,217.31292163397646,0.0,0.04226488724150572,0.6482996882220283,0.225326598625931
"HCM, 10 mg/day",0.4938461538461539,39.11345833730816,13.05690370815589,82.00276391462789,14.36545620052163,0.0,218.72579295106516,0.0,0.04122620488859532,0.649537525800667,0.22330092932467416
"HCM, 10 mg/day",0.49615384615384617,39.619838750926746,13.025130030702055,81.914522049392,14.341698251007124,0.0,220.0451423095931,0.0,0.04021774106210743,0.6507365845544418,0.22130535228900594
"HCM, 10 mg/day",0.4984615384615385,40.129150988018885,12.993707013090429,81.8263641614931,14.317735329162856,0.0,221.27342615271584,0.0,0.03923863597764402,0.6518980576275962,0.2193394911179265
"HCM, 10 mg/day",0.5007692307692307,40.641188251932626,12.962633515874879,81.73828988311583,14.29358126311803,0.0,222.41301812635524,0.0,0.03828804899208591,0.6530230991628001,0.21740297206926865
"HCM, 10 mg/day",0.5030769230769231,41.15574908566585,12.931908585486804,81.65029886472547,14.269249522953393,0.0,223.46621464463834,0.0,0.03736515874584387,0.6541128259718401,0.21549542411152872
"HCM, 10 mg/day",0.5053846153846154,41.67263720319699,12.901531424789773,81.5623907745846,14.244753232000614,0.0,224.43524008405956,0.0,0.03646916323258606,0.6551683190901827,0.21361647897239905
"HCM, 10 mg/day",0.5076923076923078,42.19166133218837,12.87150136629539,81.4745652982846,14.220105177381857,0.0,225.32225162425308,0.0,0.035599279805111635,0.6561906252264857,0.2117657711841177
"HCM, 10 mg/day",0.51,42.71263506726935,12.841817847796158,81.38682213829108,14.195317819842389,0.0,226.12934375265706,0.0,0.03475474512512646,0.6571807581169895,0.20994293812574513
"HCM, 10 mg/day",0.5123076923076924,43.2353767331482,12.812480390201438,81.29916101350224,14.170403302926532,0.0,226.85855245008239,0.0,0.033934815063861444,0.6581396997936969,0.20814762006247745
"HCM, 10 mg/day",0.5146153846153846,43.75970925684138,12.783488577388441,81.21158165881947,14.145373461544368,0.0,227.5118590737057,0.0,0.033138764559745335,0.6590684017743322,0.20637946018210013
"HCM, 10 mg/day",0.516923076923077,44.28546004834791,12.754842037902757,81.12408382472917,14.12023982997417,0.0,228.09119395339778,0.0,0.032365887438692564,0.6599677861812455,0.20463810462868412
"HCM, 10 mg/day",0.5192307692307693,44.8124608891329,12.726540428360872,81.03666727689532,14.095013649343002,0.0,228.5984397168538,0.0,0.031615496201984034,0.6608387467956907,0.2029232025336236
"HCM, 10 mg/day",0.5215384615384616,45.340547827820146,12.698583418422887,80.94933179576195,14.069705874625635,0.0,229.0354343584403,0.0,0.030886921786197067,0.6616821500532439,0.2012344060441102
"HCM, 10 mg/day",0.5238461538461539,45.86956108252752,12.670970677217097,80.86207717616503,14.044327181199462,0.0,229.40397406609412,0.0,0.03017951329917335,0.6624988359855377,0.19957137034913805
"HCM, 10 mg/day",0.5261538461538462,46.399344949311526,12.643701861110042,80.77490322695309,14.018887970991216,0.0,229.70581582002202,0.0,0.02949263773559466,0.6632896191129488,0.19793375370312896
"HCM, 10 mg/day",0.5284615384615385,46.929747716218394,12.616776602724844,80.68780977061606,13.993398378248953,0.0,229.9426797764836,0.0,0.028825679675360184,0.6640552892924085,0.19632121744726566
"HCM, 10 mg/day",0.5307692307692309,47.460621582469166,12.590194501119015,80.60079664292202,13.967868274970893,0.0,230.11625144945288,0.0,0.02817804096762186,0.6647966125240709,0.19473342602861837
"HCM, 10 mg/day",0.5330769230769231,47.99182258233452,12.563955113041818,80.5138636925612,13.942307276020761,0.0,230.22818370218033,0.0,0.0275491404030309,0.6655143317201938,0.19317004701714613
"HCM, 10 mg/day",0.5353846153846153,48.52321051328264,12.538057945195595,80.42701078079692,13.916724743957506,0.0,230.28009856053117,0.0,0.026938413376476355,0.6662091674392474,0.19163075112065447
"HCM, 10 mg/day",0.5376923076923077,49.05464886800929,12.512502447432638,80.34023778112318,13.89112979360542,0.0,230.2735888592182,0.0,0.026345311542351448,0.6668818185879505,0.19011521219778524
"HCM, 10 mg/day",0.54,49.58600476998447,12.487288006823881,80.25354457892843,13.865531296389147,0.0,230.21021973163224,0.0,0.025769302464163132,0.6675329630936692,0.18862310726911558
"HCM, 10 mg/day",0.5423076923076924,50.11714891217376,12.462413942539243,80.16693107116531,13.839937884456345,0.0,230.09152995363954,0.0,0.025209869260101908,0.668163258549358,0.18715411652643693
"HCM, 10 mg/day",0.5446153846153846,50.647955498615346,12.437879501484739,80.08039716602613,13.814357954609346,0.0,229.91903315104108,0.0,0.024666510246010288,0.668773342833008,0.18570792334028724
"HCM, 10 mg/day",0.546923076923077,51.17830218855542,12.413683854643546,79.99394278262366,13.788799672065624,0.0,229.69421888019954,0.0,0.02413873857702748,0.6693638347033677,0.18428421426580224
"HCM, 10 mg/day",0.5492307692307692,51.7080700428657,12.389826094072312,79.90756785067728,13.763270974065529,0.0,229.41855359074563,0.0,0.023626081889042857,0.6699353343735253,0.18288267904695532
"HCM, 10 mg/day",0.5515384615384616,52.23714347248638,12.366305230506551,79.82127231020404,13.737779573344453,0.0,229.09348147894104,0.0,0.023128081940960166,0.6704884240637851,0.1815030106192471
"HCM, 10 mg/day",0.5538461538461539,52.76541018865709,12.343120191531337,79.7350561112146,13.712332961485206,0.0,228.72042523988674,0.0,0.022644294258656685,0.6710236685351277,0.18014490511091077
"HCM, 10 mg/day",0.5561538461538462,53.29276115471639,12.320269820275886,79.64891921341396,13.686938412165324,0.0,228.3007867264085,0.0,0.02217428778141535,0.6715416156044195,0.17880806184268988
"HCM, 10 mg/day",0.5584615384615385,53.81909053926751,12.297752874593346,79.56286158590657,13.661602984312756,0.0,227.83594752197558,0.0,0.02171764451151219,0.6720427966424224,0.17749218332625122
"HCM, 10 mg/day",0.5607692307692308,54.34429567052474,12.275568026687974,79.47688320690608,13.636333525182328,0.0,227.32726943484136,0.0,0.02127395916755514,0.6725277270555564,0.17619697526128594
"HCM, 10 mg/day",0.5630769230769231,54.86827699167014,12.253713863155301,79.3909840634493,13.611136673364404,0.0,226.77609492000784,0.0,0.020842838842092426,0.6729969067522769,0.17492214653135713
"HCM, 10 mg/day",0.5653846153846155,55.390938017065494,12.232188885400795,79.30516415111447,13.586018861735996,0.0,226.18374743555322,0.0,0.020423902663938794,0.6734508205948478,0.17366740919854481
"HCM, 10 mg/day",0.5676923076923077,55.912185289178154,12.210991510405911,79.21942347374372,13.560986320363833,0.0,225.5515317392804,0.0,0.020016781465604407,0.6738899388372227,0.17243247849694165
"HCM, 10 mg/day",0.5700000000000001,56.4319283360932,12.19012007181081,79.13376204316963,13.536045079367893,0.0,224.88073413150425,0.0,0.019621117456154573,0.6743147175496785,0.17121707282504817
"HCM, 10 mg/day",0.5723076923076923,56.950079629496685,12.169572821284936,79.04817987894585,13.511200971753023,0.0,224.17262264940965,0.0,0.01923656389977707,0.6747255990307958,0.17002091373711753
"HCM, 10 mg/day",0.5746153846153847,57.46655454302698,12.149347930158262,78.96267700808178,13.486459636215601,0.0,223.42844721810107,0.0,0.01886278480028775,0.6751230122073216,0.1688437259334945
"HCM, 10 mg/day",0.576923076923077,57.981271310902464,12.12944349128664,78.87725346478125,13.461826519931295,0.0,222.64943976327228,0.0,0.018499454591763644,0.6755073730224136,0.1676852372499973
"HCM, 10 mg/day",0.5792307692307693,58.49415098674439,12.109857521127212,78.79190929018507,13.437306881329398,0.0,221.83681428996059,0.0,0.01814625783545551,0.6758790848127176,0.1665451786463819
"HCM, 10 mg/day",0.5815384615384616,59.00511740252407,12.090587961999542,78.7066445321177,13.412905792858387,0.0,220.99176693181198,0.0,0.017802888923098274,0.6762385386747006,0.16542328419393665
"HCM, 10 mg/day",0.5838461538461539,59.51409712757273,12.071632684510908,78.62145924483767,13.388628143746883,0.0,220.11547597478167,0.0,0.01746905178670786,0.6765861138206254,0.16431929106224297
"HCM, 10 mg/day",0.5861538461538462,60.021019167141304,12.05299349888652,78.53635348879203,13.364478660127485,0.0,219.20844492362255,0.0,0.017144459614925965,0.6769221778301828,0.163232939505147
"HCM, 10 mg/day",0.5884615384615386,60.52549665799219,12.037021843929814,78.45132733760799,13.34048312453828,0.0,217.88803434748834,0.0,0.016828834076817633,0.6772469736649699,0.16216397284597647
"HCM, 10 mg/day",0.5907692307692308,61.026214639003534,12.024839107271822,78.36638094271328,13.31672918389226,0.0,215.98467532047013,0.0,0.01652190071277928,0.6775604156277425,0.1611121374620435
"HCM, 10 mg/day",0.5930769230769231,61.522033889742026,12.015509002819057,78.28151456758788,13.293292756357237,0.0,213.6656365821383,0.0,0.01622338690787091,0.6778624975793207,0.16007718276846675
"HCM, 10 mg/day",0.5953846153846154,62.01213425668085,12.008402079482927,78.19672855959075,13.270228479467658,0.0,211.0441289765913,0.0,0.015933024175742903,0.6781533362502288,0.15905886120134993
"HCM, 10 mg/day",0.5976923076923077,62.495913250866074,12.003088081431796,78.11202332682515,13.247576472902077,0.0,208.19812879972088,0.0,0.015650549845075287,0.6784331276647818,0.15805692820034908
"HCM, 10 mg/day",0.6000000000000001,62.972919777069436,11.999266740294264,78.02739932221277,13.225366758344592,0.0,205.18250998602193,0.0,0.015375708081994763,0.6787021185365107,0.1570711421906617
"HCM, 10 mg/day",0.6023076923076923,63.44281054051846,11.996723111695884,77.94285703229406,13.20362216697211,0.0,202.03688944124568,0.0,0.01510825048276033,0.6789605873807452,0.15610126456446893
"HCM, 10 mg/day",0.6046153846153847,63.90532114216691,11.995298646252433,77.85839696914952,13.182360267351925,0.0,198.7907181335604,0.0,0.01484793638671986,0.6792088319629846,0.15514705966186199
"HCM, 10 mg/day",0.6069230769230769,64.36024672192917,11.994872386340745,77.77401966440078,13.161594656572634,0.0,195.46659683346914,0.0,0.014594533006095362,0.6794471608978676,0.1542082947512814
"HCM, 10 mg/day",0.6092307692307692,64.80742883101479,11.995348704079104,77.68972566461278,13.141335835942897,0.0,192.08244354924358,0.0,0.014347815435128017,0.679675887980707,0.15328474000949813
"HCM, 10 mg/day",0.6115384615384616,65.24674638325365,11.996649280357317,77.60551552765426,13.12159181464894,0.0,188.65291568962584,0.0,0.014107566579354497,0.6798953283276469,0.15237616850116348
"HCM, 10 mg/day",0.6138461538461539,65.67810928778131,11.998707842946274,77.52138981972537,13.102368534579037,0.0,185.1903469426825,0.0,0.013873577031805534,0.6801057957200312,0.15148235615795516
"HCM, 10 mg/day",0.6161538461538462,66.10145385170664,12.001466705037538,77.43734911286087,13.083670177095325,0.0,181.7053672076118,0.0,0.013645644913890346,0.680307600756081,0.15060308175734383
"HCM, 10 mg/day",0.6184615384615385,66.51673935676568,12.004874481661497,77.35339398278218,13.065499391500307,0.0,178.20731497574667,0.0,0.013423575692870067,0.6805010495482623,0.14973812690100619
"HCM, 10 mg/day",0.6207692307692307,66.9239454192661,12.00888457819123,77.26952500701378,13.047857471254032,0.0,174.70451350661548,0.0,0.013207181983996097,0.6806864427932634,0.14888727599290766
"HCM, 10 mg/day",0.6230769230769232,67.3230698767328,12.013454185500823,77.18574276320754,13.030744495054291,0.0,171.20445748671958,0.0,0.012996283342873201,0.6808640750996553,0.14805031621707768
"HCM, 10 mg/day",0.6253846153846154,67.71412703255105,12.018543607618906,77.10204782763661,13.014159444031113,0.0,167.71394081558873,0.0,0.012790706051940097,0.6810342344966291,0.1472270375151005
"HCM, 10 mg/day",0.6276923076923078,68.09714614766321,12.024115807297985,77.01844077383276,12.998100302454738,0.0,164.23914568722736,0.0,0.0125902829038454,0.6811972020725341,0.14641723256334166
"HCM, 10 mg/day",0.63,68.47217010642791,12.030136093968212,76.93492217134889,12.982564146818596,0.0,160.78570626752793,0.0,0.012394852983742875,0.6813532517087233,0.14562069674993217
"HCM, 10 mg/day",0.6323076923076923,68.83925420886241,12.036571904232959,76.85149258463345,12.967547226484047,0.0,157.3587557500232,0.0,0.012204261452012895,0.6815026498853601,0.14483722815152947
"HCM, 10 mg/day",0.6346153846153847,69.19846505807409,12.043392642017897,76.76815257200734,12.953045037967565,0.0,153.96296259056825,0.0,0.01201835932855657,0.6816456555432455,0.1440666275098742
"HCM, 10 mg/day",0.636923076923077,69.5498795226354,12.050569556717509,76.68490268473553,12.939052394220948,0.0,150.60255974647777,0.0,0.011837003279552403,0.6817825199906574,0.14330869820816236
"HCM, 10 mg/day",0.6392307692307693,69.89358376086767,12.058075645139956,76.60174346618756,12.925563489774232,0.0,147.2813694346043,0.0,0.011660055407378384,0.6819134868474708,0.14256324624724886
"HCM, 10 mg/day",0.6415384615384616,70.2296722987253,12.065885568014874,76.51867545108166,12.912571962295726,0.0,144.0028250501814,0.0,0.011487383044262504,0.6820387920210028,0.14183008022170157
"HCM, 10 mg/day",0.6438461538461538,70.55824715604383,12.073975575135407,76.43569916480813,12.900070950918824,0.0,140.7699913067013,0.0,0.011318858550116757,0.6821586637094689,0.14110901129572095
"HCM, 10 mg/day",0.6461538461538463,70.8794170178839,12.082323435408753,76.35281512282754,12.888053151553953,0.0,137.58558326924302,0.0,0.011154359114924142,0.6822733224298874,0.14039985317894166
"HCM, 10 mg/day",0.6484615384615385,71.19329644893615,12.090908369553281,76.27002383014009,12.876510869321713,0.0,134.4519846953412,0.0,0.010993766565978265,0.6823829810678939,0.13970242210213166
"HCM, 10 mg/day",0.6507692307692308,71.50000514969652,12.099710984146608,76.18732578082223,12.865436068193713,0.0,131.37126592618066,0.0,0.010836967180216603,0.6824878449473356,0.13901653679280293
"HCM, 10 mg/day",0.6530769230769231,71.79966725354092,12.108713206363774,76.10472145762675,12.854820417899573,0.0,128.34520145758475,0.0,0.010683851501838341,0.6825881119177828,0.13834201845074828
"HCM, 10 mg/day",0.6553846153846153,72.0924106640369,12.11789821915047,76.0222113316429,12.84465533814468,0.0,125.37528724681795,0.0,0.010534314165354013,0.682683972458269,0.13767869072351824
"HCM, 10 mg/day",0.6576923076923078,72.37836643190013,12.127250396831172,75.93979586201287,12.834932040178533,0.0,122.4627577641631,0.0,0.010388253724175617,0.6827756097956887,0.13702637968184983
"HCM, 10 mg/day",0.66,72.65766817098779,12.136755241303069,75.85747549570121,12.825641565754676,0.0,119.60860276934382,0.0,0.010245572484821434,0.682863200036364,0.1363849137950615
"HCM, 10 mg/day",0.6623076923076924,72.93045151265422,12.146399319049072,75.77525066731357,12.816774823527515,0.0,116.81358377603668,0.0,0.010106176346778996,0.6829469123093493,0.1357541239064245
"HCM, 10 mg/day",0.6646153846153846,73.196853597698,12.156170199237298,75.69312179896164,12.808322622937814,0.0,114.07825015949149,0.0,0.009969974648041833,0.6830269089200985,0.13513384320852356
"HCM, 10 mg/day",0.666923076923077,73.45701260502182,12.166056393179913,75.61108930017078,12.800275705645857,0.0,111.40295485929909,0.0,0.009836880016310716,0.6831033455131627,0.13452390721861712
"HCM, 10 mg/day",0.6692307692307693,73.71106731601603,12.17604729540888,75.5291535678272,12.792624774578515,0.0,108.78786963025316,0.0,0.009706808225827592,0.6831763712426331,0.13392415375400865
"HCM, 10 mg/day",0.6715384615384616,73.95915671357182,12.18613312659991,75.44731498616169,12.785360520663554,0.0,106.23299979743994,0.0,0.009579678059790313,0.6832461289490959,0.1333344229074378
"HCM, 10 mg/day",0.6738461538461539,74.20141961453393,12.196304878540682,75.36557392676663,12.778473647330852,0.0,103.73819847670474,0.0,0.009455411178278264,0.6833127553419124,0.13275455702250283
"HCM, 10 mg/day",0.6761538461538462,74.43799433431954,12.206554261304909,75.28393074864363,12.771954892865752,0.0,101.30318022699782,0.0,0.009333931991603059,0.6833763811857005,0.1321844006691221
"HCM, 10 mg/day",0.6784615384615384,74.66901838235971,12.216873652755114,75.20238579827887,12.765795050704416,0.0,98.92753410744437,0.0,0.009215167538984463,0.6834371314899486,0.1316238006190451
"HCM, 10 mg/day",0.6807692307692308,74.89462818696431,12.227256050461024,75.12093940974351,12.75998498776478,0.0,96.61073611820542,0.0,0.009099047372439445,0.6834951257007574,0.13107260582141994
"HCM, 10 mg/day",0.6830769230769231,75.11495884817003,12.237695026088135,75.03959190481672,12.754515660909437,0.0,94.35216101014731,0.0,0.008985503445761727,0.6835504778937733,0.13053066737842695
"HCM, 10 mg/day",0.6853846153846155,75.33014391710363,12.248184682278827,74.95834359312875,12.749378131638503,0.0,92.15109345440835,0.0,0.008874470008460254,0.6836032969674397,0.12999783852098504
"HCM, 10 mg/day",0.6876923076923077,75.54031520037795,12.258719612022205,74.877194772322,12.744563579111643,0.0,90.00673856833762,0.0,0.008765883504517537,0.6836536868357664,0.12947397458453935
"HCM, 10 mg/day",0.6900000000000001,75.7456025880368,12.269294860484193,74.79614572822774,12.7400633115984,0.0,87.91823179944397,0.0,0.008659682475822737,0.6837017466198834,0.12895893298493605
"HCM, 10 mg/day",0.6923076923076923,75.94613390357291,12.279905889250736,74.7151967350566,12.735868776455392,0.0,85.8846481733874,0.0,0.00855580747012958,0.683747570837714,0.12845257319439263
"HCM, 10 mg/day",0.6946153846153847,76.14203477456299,12.290548542917914,74.63434805560085,12.731971568727705,0.0,83.90501091643276,0.0,0.00845420095338561,0.6837912495911725,0.12795475671756834
"HCM, 10 mg/day",0.696923076923077,76.33342852249129,12.301219017952294,74.55359994144698,12.728363438469922,0.0,81.97829946594076,0.0,0.00835480722627678,0.6838328687503534,0.12746534706774293
"HCM, 10 mg/day",0.6992307692307693,76.52043607036869,12.311913833730944,74.4729526331965,12.725036296879816,0.0,80.1034568859739,0.0,0.008257572344829907,0.6838725101342463,0.12698420974310748
"HCM, 10 mg/day",0.7015384615384616,76.70317586679614,12.32262980566619,74.39240636069395,12.721982221334944,0.0,78.27939670719653,0.0,0.008162444044914945,0.6839102516875711,0.1265112122031748
"HCM, 10 mg/day",0.7038461538461539,76.88176382516882,12.333364020311322,74.31196134326042,12.719193459419232,0.0,76.50500921280387,0.0,0.008069371670489316,0.6839461676533848,0.12604622384531314
"HCM, 10 mg/day",0.7061538461538462,77.05631327676863,12.344113812343148,74.23161778993138,12.716662432023204,0.0,74.77916719347222,0.0,0.007978306105427524,0.6839803287411672,0.12558911598140954
"HCM, 10 mg/day",0.7084615384615386,77.22693493654806,12.354876743313984,74.15137589969774,12.71438173559772,0.0,73.10073119580038,0.0,0.007889199708780947,0.6840128022901455,0.12513976181466627
"HCM, 10 mg/day",0.7107692307692308,77.39373688046544,12.36565058206622,74.07123586174899,12.712344143637418,0.0,71.46855428953695,0.0,0.00780200625331499,0.6840436524276624,0.12469803641653619
"HCM, 10 mg/day",0.713076923076923,77.5568245332908,12.376433286703879,73.99119785571753,12.710542607465959,0.0,69.88148637941154,0.0,0.007716680867173518,0.684072940222441,0.12426381670380005
"HCM, 10 mg/day",0.7153846153846154,77.71630066586165,12.387222988018468,73.91126205192323,12.70897025639126,0.0,68.33837808758146,0.0,0.007633179978523723,0.6841007238326364,0.12383698141579076
"HCM, 10 mg/day",0.7176923076923077,77.8722654008278,12.398017974268365,73.83142861161757,12.707620397294821,0.0,66.83808423281914,0.0,0.00755146126303816,0.6841270586486042,0.12341741109176788
"HCM, 10 mg/day",0.7200000000000001,78.02481622598434,12.40881667721624,73.75169768722651,12.70648651371537,0.0,65.37946693215191,0.0,0.007471483594074579,0.684151997430348,0.12300498804844592
"HCM, 10 mg/day",0.7223076923076923,78.1740480143512,12.419617659332186,73.67206942259162,12.705562264482868,0.0,63.96139835032835,0.0,0.007393206995418373,0.6841755904396388,0.12259959635768006
"HCM, 10 mg/day",0.7246153846153847,78.3200530502149,12.430419602075377,73.59254395320879,12.704841481955347,0.0,62.58276312183263,0.0,0.0073165925964567965,0.6841978855668257,0.1222011218243122
"HCM, 10 mg/day",0.7269230769230769,78.46292106040488,12.441221295171836,73.51312140646417,12.70431816990707,0.0,61.24246046940514,0.0,0.007241602589658656,0.684218928452383,0.1218094519641805
"HCM, 10 mg/day",0.7292307692307693,78.60273925013091,12.452021626810126,73.43380190186673,12.703986501113043,0.0,59.93940604226604,0.0,0.00716820019023782,0.6842387626032566,0.12142447598229497
"HCM, 10 mg/day",0.7315384615384616,78.73959234276037,12.462819574683172,73.35458555127735,12.703840814671207,0.0,58.6725334960958,0.0,0.007096349597883594,0.684257429504094,0.12104608475118193
"HCM, 10 mg/day",0.7338461538461539,78.87356262296439,12.473614197807015,73.2754724591338,12.703875613100543,0.0,57.44079583611718,0.0,0.007026015960445783,0.6842749687234557,0.12067417078939939
"HCM, 10 mg/day",0.7361538461538462,79.00472998270924,12.484404629054504,73.1964627226716,12.704085559249934,0.0,56.24316654325883,0.0,0.006957165339467014,0.6842914180151204,0.12030862824022599
"HCM, 10 mg/day",0.7384615384615385,79.13317196961503,12.495190068343671,73.1175564321405,12.70446547304974,0.0,55.07864050265082,0.0,0.006889764677459646,0.6843068134146063,0.11994935285052534
"HCM, 10 mg/day",0.7407692307692308,79.25896383724606,12.505969776428472,73.03875367101628,12.705010328135085,0.0,53.94623475219367,0.0,0.006823781766829283,0.6843211893310415,0.1195962419497875
"HCM, 10 mg/day",0.7430769230769232,79.38217859693775,12.516743069239558,72.96005451620776,12.705715248367271,0.0,52.84498906834559,0.0,0.006759185220351545,0.6843345786345216,0.11924919442934984
"HCM, 10 mg/day",0.7453846153846154,79.50288707080273,12.527509312729869,72.88145903825908,12.706575504277122,0.0,51.7739664048215,0.0,0.006695944443113302,0.684347012739101,0.11890811072179822
"HCM, 10 mg/day",0.7476923076923078,79.62115794559388,12.53826791818257,72.80296730154693,12.707586509451755,0.0,50.73225319896485,0.0,0.006634029605834013,0.6843585216815652,0.11857289278055057
"HCM, 10 mg/day",0.75,79.73705782713517,12.549018337941273,72.72457936447285,12.708743816884066,0.0,49.71895955963304,0.0,0.006573411619487152,0.6843691341961373,0.1182434440596238
"HCM, 10 mg/day",0.7523076923076925,79.85065129506168,12.559760061527111,72.64629527965042,12.710043115302176,0.0,48.733219349290685,0.0,0.006514062111145914,0.6843788777852726,0.11791966949358529
"HCM, 10 mg/day",0.7546153846153847,79.96200095763845,12.570492612109843,72.56811509408753,12.711480225494183,0.0,47.774190172091906,0.0,0.006455953400981454,0.6843877787866939,0.11760147547769019
"HCM, 10 mg/day",0.756923076923077,80.07116750645406,12.581215543301397,72.49003884936351,12.713051096641864,0.0,46.84105327897986,0.0,0.0063990584803458725,0.6843958624368225,0.11728876984820515
"HCM, 10 mg/day",0.7592307692307693,80.17820977080896,12.591928436246162,72.41206658180134,12.71475180267525,0.0,45.9330133996012,0.0,0.006343350990875916,0.684403152930758,0.11698146186291958
"HCM, 10 mg/day",0.7615384615384616,80.28318477164069,12.602630896980685,72.33419832263483,12.716578538658673,0.0,45.049298510436785,0.0,0.006288805204557047,0.6844096734789568,0.11667946218184509
"HCM, 10 mg/day",0.763846153846154,80.38614777484845,12.613322554040346,72.25643409817096,12.718527617217395,0.0,44.18915954746663,0.0,0.00623539600469098,0.684415446360758,0.11638268284810346
"HCM, 10 mg/day",0.7661538461538463,80.48715234389802,12.624003056292034,72.17877392994733,12.720595465012769,0.0,43.351870071020066,0.0,0.006183098867713161,0.6844204929749043,0.116091037269004
"HCM, 10 mg/day",0.7684615384615385,80.58625039160505,12.634672070972364,72.10121783488489,12.722778619272708,0.0,42.53672588989143,0.0,0.006131889845809831,0.6844248338871965,0.11580444019731027
"HCM, 10 mg/day",0.7707692307692308,80.68349223100996,12.645329281914774,72.02376582543592,12.725073724383266,0.0,41.743044650952854,0.0,0.00608174555028737,0.6844284888754254,0.11552280771269688
"HCM, 10 mg/day",0.7730769230769231,80.77892662527172,12.655974387947923,71.94641790972746,12.727477528546107,0.0,40.9701654001202,0.0,0.006032643135649493,0.6844314769717106,0.11524605720339615
"HCM, 10 mg/day",0.7753846153846154,80.87260083652032,12.666607101451392,71.86917409170026,12.729986880505951,0.0,40.21744811977085,0.0,0.005984560284340625,0.6844338165023816,0.11497410734803507
"HCM, 10 mg/day",0.7776923076923078,80.96456067361919,12.677227147054836,71.79203437124322,12.732598726351155,0.0,39.484273247285195,0.0,0.005937475192116383,0.6844355251255245,0.1147068780976623
"HCM, 10 mg/day",0.78,81.05485053879897,12.68783426046707,71.71499874432368,12.735310106390052,0.0,38.77004117899191,0.0,0.005891366554004567,0.684436619866318,0.11444429065796535
"HCM, 10 mg/day",0.7823076923076924,81.14351347313314,12.698428187425565,71.63806720311341,12.73811815210494,0.0,38.074171763070275,0.0,0.005846213550822371,0.6844371171502748,0.11418626747167766
"HCM, 10 mg/day",0.7846153846153846,81.23059120083413,12.709008682753556,71.56123973611052,12.7410200831852,0.0,37.3961037849587,0.0,0.00580199583621774,0.6844370328345033,0.11393273220117545
"HCM, 10 mg/day",0.786923076923077,81.31612417235606,12.719575509516975,71.48451632825747,12.744013204640416,0.0,36.73529444805407,0.0,0.005758693524204893,0.6844363822370965,0.11368360971126394
"HCM, 10 mg/day",0.7892307692307693,81.40015160629625,12.730128438270855,71.4078969610551,12.747094903994002,0.0,36.09121885245269,0.0,0.005716287177165929,0.6844351801647519,0.11343882605215277
"HCM, 10 mg/day",0.7915384615384616,81.4827115300938,12.740667246388611,71.33138161267304,12.750262648557468,0.0,35.463369473903256,0.0,0.0056747577942923505,0.6844334409387239,0.11319830844261985
"HCM, 10 mg/day",0.7938461538461539,81.56384081952797,12.751191717465424,71.25497025805632,12.753513982785087,0.0,34.85125564510459,0.0,0.0056340868004419896,0.6844311784192006,0.11296198525336357
"HCM, 10 mg/day",0.7961538461538462,81.6435752370241,12.761701640789468,71.17866286902856,12.756846525708491,0.0,34.25440304105548,0.0,0.0055942560353885,0.6844284060281985,0.11272978599054236
"HCM, 10 mg/day",0.7984615384615384,81.72194946877781,12.77219681087468,71.10245941439167,12.760257968450425,0.0,33.67235316997857,0.0,0.005555247743442071,0.6844251367710598,0.11250164127950156
"HCM, 10 mg/day",0.8007692307692309,81.79899716071233,12.782677027049612,71.0263598600223,12.76374607181665,0.0,33.1046628711007,0.0,0.005517044563421449,0.6844213832566347,0.11227748284868616
"HCM, 10 mg/day",0.8030769230769231,81.87475095328581,12.793142093096227,70.95036416896494,12.76730866396492,0.0,32.550903820477764,0.0,0.005479629518958685,0.6844171577162286,0.11205724351373957
"HCM, 10 mg/day",0.8053846153846155,81.94924251516838,12.803591816934887,70.87447230152205,12.770943638149609,0.0,32.01066204570699,0.0,0.005442986009119282,0.6844124720213851,0.11184085716178678
"HCM, 10 mg/day",0.8076923076923077,82.02250257581042,12.81402601034995,70.79868421534108,12.774648950540646,0.0,31.483537450408416,0.0,0.005407097799321565,0.6844073377005793,0.11162825873590189
"HCM, 10 mg/day",0.81,82.09456095692533,12.82444448875311,70.72299986549868,12.778422618115128,0.0,30.969143349014804,0.0,0.0053719490125401954,0.6844017659548847,0.11141938421975842
"HCM, 10 mg/day",0.8123076923076924,82.16544660291122,12.834847070979407,70.64741920458195,12.782262716619963,0.0,30.467106012491634,0.0,0.00533752412077976,0.6843957676726793,0.11121417062246214
"HCM, 10 mg/day",0.8146153846153847,82.23518761023708,12.845233579113998,70.57194218276712,12.786167378603922,0.0,29.97706422527914,0.0,0.005303807936805316,0.6843893534434496,0.11101255596356498
"HCM, 10 mg/day",0.816923076923077,82.30381125582008,12.855603838344901,70.4965687478955,12.790134791517175,0.0,29.498668853876676,0.0,0.005270785606117641,0.6843825335707495,0.11081447925825923
"HCM, 10 mg/day",0.8192307692307693,82.37134402442065,12.86595767684026,70.42129884554694,12.794163195876639,0.0,29.031582427186024,0.0,0.0052384425991617665,0.6843753180843668,0.11061988050275104
"HCM, 10 mg/day",0.8215384615384616,82.43781163508304,12.876294925646471,70.3461324191109,12.798250883495228,0.0,28.575478728823466,0.0,0.005206764703758135,0.6843677167517496,0.11042870065981213
"HCM, 10 mg/day",0.823846153846154,82.50323906664876,12.886615418605713,70.271069409855,12.802396195773182,0.0,28.130042401401248,0.0,0.005175738017746424,0.6843597390887375,0.11024088164450846
"HCM, 10 mg/day",0.8261538461538462,82.56765058237087,12.896918992289358,70.19610975699145,12.806597522049575,0.0,27.694968562882387,0.0,0.005145348941832733,0.6843513943696449,0.11005636631010512
"HCM, 10 mg/day",0.8284615384615385,82.6310697536566,12.907205485947129,70.1212533977412,12.810853298012224,0.0,27.26996243483392,0.0,0.005115584172631454,0.6843426916367367,0.10987509843414571
"HCM, 10 mg/day",0.8307692307692308,82.69351948296595,12.917474741467867,70.046500267396,12.815162004164058,0.0,26.854738982649103,0.0,0.0050864306958937075,0.6843336397091374,0.1096970227047056
"HCM, 10 mg/day",0.833076923076923,82.75502202589357,12.927726603352582,69.97185029937839,12.81952216434421,0.0,26.449022567450584,0.0,0.0050578757799147325,0.6843242471912101,0.10952208470681753
"HCM, 10 mg/day",0.8353846153846155,82.81559901246072,12.937960918696504,69.89730342529973,12.823932344301983,0.0,26.052546609635318,0.0,0.0050299069691131385,0.684314522480441,0.10935023090906831
"HCM, 10 mg/day",0.8376923076923077,82.87527146764414,12.948177537179511,69.82285957501634,12.82839115032187,0.0,25.665053263815373,0.0,0.00500251207777535,0.6843044737748616,0.10918140865036567
"HCM, 10 mg/day",0.8400000000000001,82.93405983116754,12.958376311063983,69.74851867668379,12.832897227898002,0.0,25.286293104930177,0.0,0.00497567918395901,0.6842941090800405,0.10901556612687345
"HCM, 10 mg/day",0.8423076923076923,82.9919839765816,12.968557095198062,69.67428065680942,12.837449260456161,0.0,24.91602482534796,0.0,0.004949396623549479,0.6842834362156731,0.10885265237911443
"HCM, 10 mg/day",0.8446153846153847,83.04906322965724,12.97871974702405,69.60014544030315,12.842045968121827,0.0,24.554014942664868,0.0,0.004923652984463951,0.6842724628217961,0.10869261727923903
"HCM, 10 mg/day",0.846923076923077,83.10531638611683,12.988864126591032,69.5261129505267,12.84668610653252,0.0,24.200037517935748,0.0,0.004898437100997991,0.6842611963646527,0.10853541151845868
"HCM, 10 mg/day",0.8492307692307693,83.16076172872687,12.99899009657012,69.45218310934109,12.851368465692884,0.0,23.85387388411702,0.0,0.004873738048309669,0.6842496441422324,0.10838098659464275
"HCM, 10 mg/day",0.8515384615384616,83.21541704377546,13.009097522272489,69.37835583715282,12.856091868870983,0.0,23.515312384384607,0.0,0.0048495451370366895,0.6842378132895074,0.10822929480007717
"HCM, 10 mg/day",0.8538461538461539,83.2692996369571,13.019186271669486,69.30463105295836,12.860855171534247,0.0,23.184148120046142,0.0,0.004825847908042209,0.6842257107833853,0.1080802892093839
"HCM, 10 mg/day",0.8561538461538462,83.32242634868652,13.029256215413021,69.23100867438735,12.865657260323667,0.0,22.860182707838277,0.0,0.0048026361272852725,0.6842133434474003,0.10793392366759937
"HCM, 10 mg/day",0.8584615384615386,83.37481356886295,13.039307226857506,69.15748861774443,12.87049705206477,0.0,22.54322404620512,0.0,0.0047798997808120094,0.6842007179561573,0.107790152778411
"HCM, 10 mg/day",0.8607692307692308,83.4264772511051,13.049339182081782,69.08407079804965,12.875373492814033,0.0,22.23308609034238,0.0,0.004757629069863962,0.6841878408395501,0.10764893189254994
"HCM, 10 mg/day",0.8630769230769232,83.47743292647698,13.059351959910373,69.01075512907774,12.880285556939391,0.0,21.92958863573289,0.0,0.004735814406100075,0.6841747184867644,0.10751021709633865
"HCM, 10 mg/day",0.8653846153846154,83.52769571672353,13.069345441935054,68.937541523396,12.88523224623355,0.0,21.632557109807475,0.0,0.004714446406929085,0.6841613571500853,0.10737396520039237
"HCM, 10 mg/day",0.8676923076923078,83.57728034703469,13.07931951253465,68.8644298924012,12.890212589058885,0.0,21.341822371560472,0.0,0.00469351589094919,0.68414776294852,0.10724013372847238
"HCM, 10 mg/day",0.8700000000000001,83.6262011583559,13.089274058894745,68.79142014635512,12.895225639522693,0.0,21.057220518722577,0.0,0.004673013873492045,0.6841339418712481,0.10710868090648999
"HCM, 10 mg/day",0.8723076923076925,83.67447211926213,13.099208971025014,68.71851219441912,12.900270476681692,0.0,20.77859270234736,0.0,0.0046529315622682536,0.684119899780914,0.10697956565165984
"HCM, 10 mg/day",0.8746153846153847,83.72210683741231,13.109124141775979,68.64570594468765,12.90534620377458,0.0,20.505784948420814,0.0,0.0046332603531116625,0.6841056424167699,0.1068527475618008
"HCM, 10 mg/day",0.876923076923077,83.76911857059986,13.119019466853379,68.57300130422067,12.910451947481667,0.0,20.238647986337853,0.0,0.004613991825819901,0.6840911753976799,0.10672818690478318
"HCM, 10 mg/day",0.8792307692307693,83.81552023741519,13.128894844831324,68.50039817907509,12.915586857210478,0.0,19.97703708391097,0.0,0.004595117740088679,0.684076504224997,0.10660584460812088
"HCM, 10 mg/day",0.8815384615384616,83.86132442753468,13.138750177163171,68.42789647433533,12.920750104406352,0.0,19.720811888721435,0.0,0.0045766300315375095,0.6840616342853181,0.10648568224870673
"HCM, 10 mg/day",0.883846153846154,83.90654341165072,13.148585368190727,68.35549609414282,12.925940881887099,0.0,19.469836275534274,0.0,0.0045585208078245685,0.6840465708531287,0.1063676620426899
"HCM, 10 mg/day",0.8861538461538462,83.95118915105624,13.158400325150986,68.28319694172475,12.931158403200778,0.0,19.223978199582977,0.0,0.004540782344848534,0.6840313190933426,0.10625174683549347
"HCM, 10 mg/day",0.8884615384615385,83.99527330689737,13.168194958181596,68.21099891942188,12.936401902005693,0.0,18.983109555430996,0.0,0.0045234070830353044,0.6840158840637443,0.10613790009197133
"HCM, 10 mg/day",0.8907692307692308,84.03880724910661,13.177969180323236,68.13890192871553,12.941670631471798,0.0,18.747106041288394,0.0,0.0045063876237075706,0.6840002707173413,0.10602608588670213
"HCM, 10 mg/day",0.8930769230769231,84.08180206502882,13.187722907520971,68.06690587025373,12.946963863702656,0.0,18.515847028460477,0.0,0.004489716725535312,0.6839844839046308,0.10591626889441973
"HCM, 10 mg/day",0.8953846153846154,84.12426856775191,13.197456058622562,67.99501064387675,12.952280889177173,0.0,18.28921543582984,0.0,0.004473387301065326,0.683968528375788,0.10580841438057767
"HCM, 10 mg/day",0.8976923076923078,84.16621730415322,13.207168555375606,67.92321614864166,12.957621016210396,0.0,18.067097609080747,0.0,0.004457392413327978,0.6839524087827797,0.1057024881920473
"HCM, 10 mg/day",0.9,84.2076585626727,13.216860322421836,67.8515222828463,12.962983570432574,0.0,17.849383204557896,0.0,0.004441725272519407,0.683936129681409,0.10559845674794709
"HCM, 10 mg/day",0.9023076923076924,84.24860238082313,13.226531287290246,67.77992894405259,12.968367894285832,0.0,17.635965077495374,0.0,0.004426379232757489,0.6839196955332953,0.10549628703060233
"HCM, 10 mg/day",0.9046153846153846,84.28905855244726,13.23618138038756,67.70843602910898,12.97377334653783,0.0,17.42673917451858,0.0,0.004411347788909901,0.683903110707793,0.10539594657663358
"HCM, 10 mg/day",0.906923076923077,84.32903663473171,13.245810534987282,67.63704343417251,12.979199301811667,0.0,17.221604430182683,0.0,0.004396624573492678,0.6838863794838529,0.10529740346817223
"HCM, 10 mg/day",0.9092307692307693,84.3685459549866,13.25541868721681,67.56575105472999,12.984645150131495,0.0,17.020462667419125,0.0,0.0043822033536376976,0.683869506051831,0.10520062632420216
"HCM, 10 mg/day",0.9115384615384616,84.40759561719976,13.265005776042628,67.49455878561871,12.990110296483229,0.0,16.82321850173066,0.0,0.004368078028127591,0.6838524945152457,0.10510558429202548
"HCM, 10 mg/day",0.9138461538461539,84.44619450837405,13.274571743254127,67.42346652104652,12.99559416038979,0.0,16.62977924896267,0.0,0.004354242624496573,0.6838353488924874,0.10501224703885147
"HCM, 10 mg/day",0.9161538461538462,84.48435130465582,13.284116533445314,67.35247415461136,13.001096175500324,0.0,16.440054836541968,0.0,0.004340691296195783,0.6838180731184846,0.10492058474350699
"HCM, 10 mg/day",0.9184615384615386,84.52207447726244,13.293640093995714,67.2815815793202,13.006615789192882,0.0,16.253957717986957,0.0,0.004327418319821701,0.6838006710463259,0.10483056808826693
"HCM, 10 mg/day",0.9207692307692309,84.55937229821618,13.30314237504877,67.2107886876075,13.01215246219007,0.0,16.07140279063704,0.0,0.004314418092406294,0.6837831464488426,0.1047421682508035
